Time,Register Name/Number,Cashier Name,Operation Type,Store Code,UPC,Line Item,Department,Category,Supplier,Supplier Code,Cost,Price,Quantity,Modifiers,Subtotal,Discounts,Net Total,Tax,Total Due,Transaction ID,Customer ID
10/05/2025 05:08 PM,Register 12,Hannah Bisk,SALE,*400000516318,*3340443834075,LBB CH Softstretch Panty - OS BLK H-Brief,Underwear,Soft Stretch,Chantelle,C106C7,8.0,24.0,1.0,0.0,24.0,0.0,24.0,1.44,25.44,359534DD-19D2-472B-A86C-D7469A2ED653,602870
10/05/2025 03:54 PM,Register 12,Hannah Bisk,SALE,*400000106564,*666884100528,Euc Lingerie Wash Lavender 3.3oz - 3.3oz,Lingerie Wash,Lingerie Wash,Euclan,LSM,3.0,7.0,1.0,0.0,7.0,0.0,7.0,0.42,7.42,86010EC2-A587-45B8-A9F7-82E11251ED34,76087141
10/05/2025 03:54 PM,Register 12,Hannah Bisk,SALE,*400000521428,*193773549804,LBB EL Smoothie Em - 32GG GRN,Bra,Full Coverage,Elomi,EL4301DPE,29.25,76.0,1.0,0.0,76.0,0.0,76.0,4.56,80.56,86010EC2-A587-45B8-A9F7-82E11251ED34,76087141
10/05/2025 03:54 PM,Register 12,Hannah Bisk,SALE,*400000530758,*193773547404,LBB EL Tiernie - 32GG BLK,Bra,Plunge,Elomi,EL303334,30.6,78.0,1.0,0.0,78.0,0.0,78.0,4.68,82.68,86010EC2-A587-45B8-A9F7-82E11251ED34,76087141
10/05/2025 03:54 PM,Register 12,Hannah Bisk,SALE,*400000104423,*5052574534097,LBB CK Victory Bra - 32GG Nude,Bra,Balcony,Curvy Kate,CK9001,30.45,77.0,1.0,0.0,77.0,0.0,77.0,4.62,81.62,86010EC2-A587-45B8-A9F7-82E11251ED34,76087141
10/05/2025 03:54 PM,Register 12,Hannah Bisk,SALE,*400000524429,*3102062410555,LBB AUB Crazy Love - L BRN Tanga,Set,Set,Aubade,5D26/5D50/5D62/5DF12/5DF14,50.62,153.0,1.0,0.0,153.0,0.0,153.0,9.18,162.18,86010EC2-A587-45B8-A9F7-82E11251ED34,76087141
10/05/2025 03:54 PM,Register 12,Hannah Bisk,SALE,*400000524061,*3102062412016,LBB AUB Crazy Love - 32G BRN Bra,Set,Set,Aubade,5D26/5D50/5D62/5DF12/5DF14,91.99,277.0,1.0,0.0,277.0,0.0,277.0,16.62,293.62,86010EC2-A587-45B8-A9F7-82E11251ED34,76087141
10/05/2025 03:54 PM,Register 12,Hannah Bisk,SALE,*400000495392,*3102062388403,LBB AUB Rules - 32G PNK Tri,Lingerie,Set,Aubade,4B26/4B50/4B70/4BF12/4BF14,69.98,211.0,1.0,0.0,211.0,0.0,211.0,12.66,223.66,86010EC2-A587-45B8-A9F7-82E11251ED34,76087141
10/05/2025 03:54 PM,Register 12,Hannah Bisk,SALE,*400000495699,*3102062377223,LBB AUB Rules - M PNK Tanga,Lingerie,Set,Aubade,4B26/4B50/4B70/4BF12/4BF14,39.17,119.0,1.0,0.0,119.0,0.0,119.0,7.14,126.14,86010EC2-A587-45B8-A9F7-82E11251ED34,76087141
10/05/2025 03:21 PM,Register 12,Hannah Bisk,SALE,*400000106588,*666884100627,Euc Lingerie Wash Unscented 3.3oz - 3.3oz,Lingerie Wash,Lingerie Wash,Euclan,NSM,3.0,7.0,1.0,0.0,7.0,0.0,7.0,0.42,7.42,EF9F10FF-F072-484A-9E67-5C62620F7D17,76087008
10/05/2025 03:21 PM,Register 12,Hannah Bisk,SALE,*400000501253,*5063420000161,LBB SC Opulence - XL Purple,Body,general,Scantilly,CK1218,41.85,114.0,1.0,0.0,114.0,0.0,114.0,6.84,120.84,EF9F10FF-F072-484A-9E67-5C62620F7D17,76087008
10/05/2025 03:21 PM,Register 12,Hannah Bisk,SALE,*400000522227,*3340444146597,LBB CH Norah Violet - 42D,Bra,Bra,Chantelle,C13F10,39.36,119.0,1.0,0.0,119.0,0.0,119.0,7.14,126.14,EF9F10FF-F072-484A-9E67-5C62620F7D17,76087008
10/05/2025 03:02 PM,Register 12,Stephanie  Jacek  -Owner,SALE,*400000358000,*5052574442583,LBB SC Unchained Deep - 34G Red Bra,Bra and Panty Set,general,Scantilly,ST016101DRE/ST016200DRE/ST016208DRE,27.37,98.0,1.0,0.0,98.0,0.0,98.0,5.88,103.88,15FE0317-2026-4BFB-9CD1-A33AED7ECB25,602870
10/05/2025 02:00 PM,Register 12,Hannah Bisk,SALE,*400000369938,*3546608815071,LBB SP Comete - 32E Pink Sand,Bra,Bra,Simone Perele,12S324/015/588/772/562,54.5,136.0,1.0,0.0,136.0,0.0,136.0,8.16,144.16,9D832692-027B-4A10-B988-E4FD512CADD7,63006054
10/05/2025 02:00 PM,Register 12,Hannah Bisk,SALE,*400000251189,*3102061768329,LBB AUB Danse  Opal - 30F Opal Bra,Lingerie,Set,Aubade,OG14-02/OG14/OG12,68.22,232.0,1.0,0.0,232.0,0.0,232.0,13.92,245.92,9D832692-027B-4A10-B988-E4FD512CADD7,63006054
10/05/2025 02:00 PM,Register 12,Hannah Bisk,SALE,*400000106601,*666884100382,Euc Lingerie Wash Eucalyptus 3.3oz - 3.3oz,Lingerie Wash,Lingerie Wash,Euclan,ESM,3.0,7.0,1.0,0.0,7.0,0.0,7.0,0.42,7.42,9D832692-027B-4A10-B988-E4FD512CADD7,63006054
10/05/2025 12:36 PM,Register 12,Hannah Bisk,SALE,*400000106571,*666884100719,Euc Lingerie Wash Jasmine 3.3oz - 3.3oz,Lingerie Wash,Lingerie Wash,Euclan,WSW,3.0,7.0,1.0,0.0,7.0,0.0,7.0,0.42,7.42,DD52366A-501E-4E05-8818-D1BD27B970DB,76086225
10/05/2025 12:36 PM,Register 12,Hannah Bisk,SALE,*400000526034,*787790029342,LBB LBC Lenna Bra - 30C Copper,Bra,Push up,Little Bra Co,C008,30.0,75.0,1.0,0.0,75.0,0.0,75.0,4.5,79.5,DD52366A-501E-4E05-8818-D1BD27B970DB,76086225
10/04/2025 06:11 PM,Register 12,Hannah Bisk,SALE,*400000480367,*5053596760341,LBB PP Eleanor  - XS Blk,Robe,Robe,Playful Promises ,PPD3319,32.73,98.0,1.0,0.0,98.0,0.0,98.0,5.88,103.88,A453C70D-32D0-45E2-84FE-450B1DBB1213,76084634
10/04/2025 06:02 PM,Register 12,Ashley Harriet,SALE,*400000462127,*5052574929350,LBB CK luxe latte - 40GG,Bra,Strapless,Curvy Kate,CTN75340,35.0,89.0,1.0,0.0,89.0,0.0,89.0,5.34,94.34,D728FFF6-030F-4C76-B051-7DC5F9E16251,76038324
10/04/2025 04:26 PM,Register 12,Ashley Harriet,SALE,*400000106595,*666884100474,Euc Lingerie Wash Grapefruit 3.3oz - 3.3oz,Lingerie Wash,Lingerie Wash,Euclan,GSM,3.0,7.0,1.0,0.0,7.0,0.0,7.0,0.42,7.42,60E1ADD8-07BC-420E-B74A-47BB12AFC579,76083679
10/04/2025 04:26 PM,Register 12,Ashley Harriet,SALE,*400000529929,*3340443138494,LBB CH Magnifique WF - 32G BLK,Bra,Wireless,Chantelle,C18920,29.95,100.0,1.0,0.0,100.0,0.0,100.0,6.0,106.0,60E1ADD8-07BC-420E-B74A-47BB12AFC579,76083679
10/04/2025 04:26 PM,Register 12,Ashley Harriet,SALE,*400000327839,*3546608615194,LBB SP Comete - 32G Pink Sand,Bra,Bra,Simone Perele,12S324/015/588/772/562,54.5,136.0,1.0,0.0,136.0,0.0,136.0,8.16,144.16,60E1ADD8-07BC-420E-B74A-47BB12AFC579,76083679
10/04/2025 03:26 PM,Register 12,Hannah Bisk,SALE,*400000106571,*666884100719,Euc Lingerie Wash Jasmine 3.3oz - 3.3oz,Lingerie Wash,Lingerie Wash,Euclan,WSW,3.0,7.0,1.0,0.0,7.0,0.0,7.0,0.42,7.42,36DB2FFC-C32F-4CE3-85BD-02FAB8BE3EC8,76083011
10/04/2025 03:26 PM,Register 12,Hannah Bisk,SALE,*400000520254,*4823103457283,LBB BR Absinthe  - M BLK Thong,Bra and Panty Set,SET,Bretelle,BM 43 / C 222,8.0,30.0,1.0,0.0,30.0,0.0,30.0,1.8,31.8,36DB2FFC-C32F-4CE3-85BD-02FAB8BE3EC8,76083011
10/04/2025 03:26 PM,Register 12,Hannah Bisk,SALE,*400000528007,*3340443573677,LBB CH Softstretch Panty - OS PINK Brief,Underwear,Soft Stretch,Chantelle,C106C7,0.0,24.0,1.0,0.0,24.0,0.0,24.0,1.44,25.44,36DB2FFC-C32F-4CE3-85BD-02FAB8BE3EC8,76083011
10/04/2025 03:26 PM,Register 12,Hannah Bisk,SALE,*400000516318,*3340443834075,LBB CH Softstretch Panty - OS BLK H-Brief,Underwear,Soft Stretch,Chantelle,C106C7,8.0,24.0,1.0,0.0,24.0,0.0,24.0,1.44,25.44,36DB2FFC-C32F-4CE3-85BD-02FAB8BE3EC8,76083011
10/04/2025 03:26 PM,Register 12,Hannah Bisk,SALE,*400000529486,*3340443574872,LBB CH Norah Flex - 32H BLK,Bra,Full Coverage,Chantelle,C16M10,33.79,122.0,1.0,0.0,122.0,0.0,122.0,7.32,129.32,36DB2FFC-C32F-4CE3-85BD-02FAB8BE3EC8,76083011
10/04/2025 03:26 PM,Register 12,Hannah Bisk,SALE,*400000327839,*3546608615194,LBB SP Comete - 32G Pink Sand,Bra,Bra,Simone Perele,12S324/015/588/772/562,54.5,136.0,1.0,0.0,136.0,0.0,136.0,8.16,144.16,36DB2FFC-C32F-4CE3-85BD-02FAB8BE3EC8,76083011
10/04/2025 03:26 PM,Register 12,Hannah Bisk,SALE,*400000522333,*3340444146757,LBB CH Norah Violet - 34G,Bra,Bra,Chantelle,C13F10,39.36,119.0,1.0,0.0,119.0,0.0,119.0,7.14,126.14,36DB2FFC-C32F-4CE3-85BD-02FAB8BE3EC8,76083011
10/04/2025 02:45 PM,Register 12,Hannah Bisk,SALE,*400000127514,*610396047192,LBB AD Jawbreaker Tanga - L,Underwear,Tanga,Addiction,ADF-JB02,22.0,55.0,1.0,0.0,55.0,11.0,44.0,2.64,46.64,8B3C54B4-F6CB-413F-9740-F2F5D4A7FC2C,65525853
10/04/2025 02:45 PM,Register 12,Hannah Bisk,SALE,*400000079790,*3700436094006,LBB MC Retro Volie Nylon Blk  - 3 Black,Hosiery,Thigh High,Maison Close,609399,20.0,55.0,1.0,0.0,55.0,0.0,55.0,3.3,58.3,8B3C54B4-F6CB-413F-9740-F2F5D4A7FC2C,65525853
10/04/2025 02:32 PM,Register 12,Hannah Bisk,SALE,*400000239248,*,Bra Fitting Service,general,general,not tracked,,0.0,25.0,1.0,0.0,25.0,0.0,25.0,0.0,25.0,180FD12E-6A51-40B3-9EEA-64EC5EC6D2E4,76082464
10/04/2025 02:04 PM,Register 12,Ashley Harriet,SALE,*400000459257,*3340443823666,LBB CH Norah Chic - 32H Black,Bra,general,Chantelle,C16MNA ORG/C16MNA 011,33.79,122.0,1.0,0.0,122.0,0.0,122.0,7.32,129.32,5609428A-0E6F-472C-9AFF-50E0802BEB47,76082100
10/04/2025 02:04 PM,Register 12,Ashley Harriet,SALE,*400000497273,*5052574924294,LBB CK Smoothie Spacer - 32GG Nude,Bra,moulded,Curvy Kate,CK072104,33.65,87.0,1.0,0.0,87.0,0.0,87.0,5.22,92.22,5609428A-0E6F-472C-9AFF-50E0802BEB47,76082100
10/04/2025 01:56 PM,Register 12,Hannah Bisk,SALE,*400000106588,*666884100627,Euc Lingerie Wash Unscented 3.3oz - 3.3oz,Lingerie Wash,Lingerie Wash,Euclan,NSM,3.0,7.0,1.0,0.0,7.0,0.0,7.0,0.42,7.42,1638FF7F-2D00-4B2D-B706-60DBB9F43B11,76081979
10/04/2025 01:56 PM,Register 12,Hannah Bisk,SALE,*400000251240,*3102061788367,LBB AUB Danse  Opal - 32G Opal Bra,Lingerie,Set,Aubade,OG14-02/OG14/OG12,68.22,232.0,1.0,0.0,232.0,0.0,232.0,13.92,245.92,1638FF7F-2D00-4B2D-B706-60DBB9F43B11,76081979
10/04/2025 01:56 PM,Register 12,Hannah Bisk,SALE,*400000459240,*3340443823635,LBB CH Norah Chic - 32G Black,Bra,general,Chantelle,C16MNA ORG/C16MNA 011,33.79,122.0,1.0,0.0,122.0,0.0,122.0,7.32,129.32,1638FF7F-2D00-4B2D-B706-60DBB9F43B11,76081979
10/04/2025 01:56 PM,Register 12,Hannah Bisk,SALE,*400000103778,*5052574533984,LBB CK Victory Bra - 32G Nude,Bra,Balcony,Curvy Kate,CK9001,30.45,77.0,1.0,0.0,77.0,0.0,77.0,4.62,81.62,1638FF7F-2D00-4B2D-B706-60DBB9F43B11,76081979
10/04/2025 01:44 PM,Register 12,Ashley Harriet,SALE,*400000019246,*,Gift card,general,general,not tracked,,0.0,250.0,1.0,0.0,250.0,0.0,250.0,0.0,250.0,E0399D1B-A956-4F71-8222-DE25BBE41D08,76081881
10/04/2025 12:13 PM,Register 12,Ashley Harriet,SALE,*400000479606,*889501542642,LBB EL Smoothie - 36F Clove BRA,Bra,Moulded ,Elomi,4301,29.25,76.0,1.0,0.0,76.0,0.0,76.0,4.56,80.56,849E747D-F23C-42FE-ACEB-6E9A46F357C4,602870
10/04/2025 12:13 PM,Register 12,Ashley Harriet,SALE,*400000482095,*193773253442,LBB EL Zarla - 36FF CAFE,Bra,Underwire,Elomi,EL302505BLK/EL302505CAT/EL302553DEP,32.4,85.0,1.0,0.0,85.0,0.0,85.0,5.1,90.1,849E747D-F23C-42FE-ACEB-6E9A46F357C4,602870
10/04/2025 12:13 PM,Register 12,Ashley Harriet,SALE,*400000104607,*5052574518479,LBB CK Victory Bra - 36FF Black,Bra,Balcony,Curvy Kate,CK9001,30.0,77.0,1.0,0.0,77.0,0.0,77.0,4.62,81.62,849E747D-F23C-42FE-ACEB-6E9A46F357C4,602870
10/04/2025 12:13 PM,Register 12,Ashley Harriet,SALE,*400000383408,*886279329246,LBB FR Sonic Sports Bra - 38F STORM,Sports Bra,general,Freya,AC4892PLA/AA4892STM,33.3,85.0,1.0,0.0,85.0,0.0,85.0,5.1,90.1,849E747D-F23C-42FE-ACEB-6E9A46F357C4,602870
10/04/2025 12:13 PM,Register 12,Ashley Harriet,SALE,*400000106571,*666884100719,Euc Lingerie Wash Jasmine 3.3oz - 3.3oz,Lingerie Wash,Lingerie Wash,Euclan,WSW,3.0,7.0,1.0,0.0,7.0,0.0,7.0,0.42,7.42,849E747D-F23C-42FE-ACEB-6E9A46F357C4,602870
10/04/2025 11:39 AM,Register 12,Hannah Bisk,SALE,*400000224831,*3546608129554,LBB SP Strapless - 30D nude,Bra,Strapless,Simone Perele,118302.015/13V303,40.5,102.0,1.0,0.0,102.0,0.0,102.0,6.12,108.12,21964800-3EF0-43EB-8748-C03013E832C9,76080549
10/04/2025 11:39 AM,Register 12,Hannah Bisk,SALE,*400000479804,*3546608836667,LBB SP Subtile  - 30D Rose,Bra,Moulded,Simone Perele,19Y316.739/19Y316.015,36.0,91.0,1.0,0.0,91.0,0.0,91.0,5.46,96.46,21964800-3EF0-43EB-8748-C03013E832C9,76080549
10/04/2025 11:39 AM,Register 12,Hannah Bisk,SALE,*400000519852,*,LBB SC Built Up Chemise - M Black,Chemise,Chemise,Samantha Chang,SC222216,55.0,166.0,1.0,0.0,166.0,0.0,166.0,9.96,175.96,21964800-3EF0-43EB-8748-C03013E832C9,76080549
10/04/2025 11:39 AM,Register 12,Hannah Bisk,SALE,*400000459189,*3340443823499,LBB CH Norah Chic - 30D Black,Bra,general,Chantelle,C16MNA ORG/C16MNA 011,33.79,122.0,1.0,0.0,122.0,0.0,122.0,7.32,129.32,21964800-3EF0-43EB-8748-C03013E832C9,76080549
10/03/2025 05:25 PM,Register 12,Ashley Harriet,SALE,*400000529707,*3340443137411,LBB CH Magnifique WF - 32D BLK,Bra,Wireless,Chantelle,C18920,29.95,100.0,1.0,0.0,100.0,0.0,100.0,6.0,106.0,A5B21E41-48B7-474D-BB56-FB2CC39F3768,76078069
10/03/2025 05:25 PM,Register 12,Ashley Harriet,SALE,*400000529684,*3340443137398,LBB CH Magnifique WF - 32D Nude,Bra,Wireless,Chantelle,C18920,29.95,100.0,1.0,0.0,100.0,0.0,100.0,6.0,106.0,A5B21E41-48B7-474D-BB56-FB2CC39F3768,76078069
10/03/2025 05:15 PM,Register 12,Hannah Bisk,SALE,*400000106595,*666884100474,Euc Lingerie Wash Grapefruit 3.3oz - 3.3oz,Lingerie Wash,Lingerie Wash,Euclan,GSM,3.0,7.0,1.0,0.0,7.0,0.0,7.0,0.42,7.42,7CE5F5D3-0DCE-416C-8B64-8EF8FF558C7F,76078002
10/03/2025 05:15 PM,Register 12,Hannah Bisk,SALE,*400000479859,*356608836674,LBB SP Subtile  - 32D Rose,Bra,Moulded,Simone Perele,19Y316.739/19Y316.015,36.0,91.0,1.0,0.0,91.0,0.0,91.0,5.46,96.46,7CE5F5D3-0DCE-416C-8B64-8EF8FF558C7F,76078002
10/03/2025 04:37 PM,Register 12,Hannah Bisk,SALE,*400000480183,*3546608219507,LBB SP CARESSE Plunge - 30G nude,Bra,Plunge,Simone Perele,12A316,52.0,131.0,1.0,0.0,131.0,0.0,131.0,7.86,138.86,21A5FAF0-4FF7-466E-A29A-86A222AE7A9A,76077656
10/03/2025 02:18 PM,Register 12,Hannah Bisk,SALE,*400000441306,*,LBB CH Norah - 34H Blush-wirefree,Bra,general,Chantelle,C13F10-011/-02T,39.36,119.0,1.0,0.0,119.0,0.0,119.0,7.14,126.14,3B798272-0BB5-4EEF-BD6A-251713DF1184,55239092
10/03/2025 02:18 PM,Register 12,Hannah Bisk,SALE,*400000529967,*3340443574087,LBB CH Magnifique WF - 34H BLK,Bra,Wireless,Chantelle,C18920,29.95,100.0,1.0,0.0,100.0,0.0,100.0,6.0,106.0,3B798272-0BB5-4EEF-BD6A-251713DF1184,55239092
10/03/2025 02:18 PM,Register 12,Hannah Bisk,SALE,*400000479583,*889501542604,LBB EL Smoothie - 34H Clove BRA,Bra,Moulded ,Elomi,4301,29.25,76.0,1.0,0.0,76.0,0.0,76.0,4.56,80.56,3B798272-0BB5-4EEF-BD6A-251713DF1184,55239092
10/03/2025 02:12 PM,Register 12,Ashley Harriet,SALE,*400000392585,*5052574598327,LBB CK Happy Boobs - 30F Pink,Bra,general,Curvy Kate,CT70076,21.32,76.0,1.0,0.0,76.0,0.0,76.0,4.56,80.56,D4A505B4-3695-480D-BF94-44E666E23EB6,76076518
10/02/2025 05:53 PM,Register 12,Ashley Harriet,SALE,*400000110783,*666884500526,Euc Lingerie Wash Lavender 16.9oz - 16.9oz,Lingerie Wash,Lingerie Wash,Euclan,LLG,8.0,21.0,1.0,0.0,21.0,0.0,21.0,1.26,22.26,A7DAF2EA-4AB6-4D45-B73E-A23DAA56D761,76073688
10/02/2025 05:53 PM,Register 12,Ashley Harriet,SALE,*400000505817,*3340444066918,LBB CH Norah Chic - 30H Black,Bra,general,Chantelle,C16MNA ORG/C16MNA 011,33.79,122.0,1.0,0.0,122.0,0.0,122.0,7.32,129.32,A7DAF2EA-4AB6-4D45-B73E-A23DAA56D761,76073688
10/02/2025 05:53 PM,Register 12,Ashley Harriet,SALE,*400000327976,*3546608607977,LBB SP Comete - 30H Black,Bra,Bra,Simone Perele,12S324/015/588/772/562,54.5,136.0,1.0,0.0,136.0,0.0,136.0,8.16,144.16,A7DAF2EA-4AB6-4D45-B73E-A23DAA56D761,76073688
10/02/2025 05:18 PM,Register 12,Ashley Harriet,SALE,*400000369990,*3546608607816,LBB SP Comete - 32E Black,Bra,Bra,Simone Perele,12S324/015/588/772/562,54.5,136.0,1.0,0.0,136.0,0.0,136.0,8.16,144.16,23B38A85-3F05-4A65-8B1B-3E569668985A,76073450
10/02/2025 05:18 PM,Register 12,Ashley Harriet,SALE,*400000369938,*3546608815071,LBB SP Comete - 32E Pink Sand,Bra,Bra,Simone Perele,12S324/015/588/772/562,54.5,136.0,1.0,0.0,136.0,0.0,136.0,8.16,144.16,23B38A85-3F05-4A65-8B1B-3E569668985A,76073450
10/02/2025 04:59 PM,Register 12,Ashley Harriet,SALE,*400000106601,*666884100382,Euc Lingerie Wash Eucalyptus 3.3oz - 3.3oz,Lingerie Wash,Lingerie Wash,Euclan,ESM,3.0,7.0,1.0,0.0,7.0,0.0,7.0,0.42,7.42,F3A5329B-381C-4A98-AB70-59DEB09691B2,70992052
10/02/2025 04:59 PM,Register 12,Ashley Harriet,SALE,*400000397900,*5052574828059,LBB CK Amaze Balcony  - 36K,Bra,general,Curvy Kate,CTN70548/CTN70549,30.9,77.0,1.0,0.0,77.0,0.0,77.0,4.62,81.62,F3A5329B-381C-4A98-AB70-59DEB09691B2,70992052
10/02/2025 04:59 PM,Register 12,Ashley Harriet,SALE,*400000383552,*889500277101,LBB EL Energise Sports Bra - 38JJ,Sports Bra,general,Elomi,EL8041NAY,30.15,75.0,1.0,0.0,75.0,0.0,75.0,4.5,79.5,F3A5329B-381C-4A98-AB70-59DEB09691B2,70992052
10/02/2025 04:59 PM,Register 12,Ashley Harriet,SALE,*400000411415,*5052574597870,LBB CK Wonderfull Vibe - 36K Blue,Bra,general,Curvy Kate,CK053102BLK,31.8,80.0,1.0,0.0,80.0,0.0,80.0,4.8,84.8,F3A5329B-381C-4A98-AB70-59DEB09691B2,70992052
10/02/2025 04:59 PM,Register 12,Ashley Harriet,SALE,*400000293813,*889501099375,LBB EL Matilda  - 34K Nude Plunge,Set,Bra and Panty,Elomi,EL8900/05,32.4,82.0,1.0,0.0,82.0,0.0,82.0,4.92,86.92,F3A5329B-381C-4A98-AB70-59DEB09691B2,70992052
10/02/2025 03:35 PM,Register 12,Ashley Harriet,SALE,*400000106571,*666884100719,Euc Lingerie Wash Jasmine 3.3oz - 3.3oz,Lingerie Wash,Lingerie Wash,Euclan,WSW,3.0,7.0,1.0,0.0,7.0,0.0,7.0,0.42,7.42,3E9B296D-839F-4F11-AA6D-DB36D1192FB4,76072735
10/02/2025 03:35 PM,Register 12,Ashley Harriet,SALE,*400000505817,*3340444066918,LBB CH Norah Chic - 30H Black,Bra,general,Chantelle,C16MNA ORG/C16MNA 011,33.79,122.0,1.0,0.0,122.0,0.0,122.0,7.32,129.32,3E9B296D-839F-4F11-AA6D-DB36D1192FB4,76072735
10/02/2025 03:35 PM,Register 12,Ashley Harriet,SALE,*400000186757,*5052574679460,LBB CK Top Spot - 32G Red,SET,Bra and Panty Set,Curvy Kate,CTN21167,30.0,78.0,1.0,0.0,78.0,0.0,78.0,4.68,82.68,3E9B296D-839F-4F11-AA6D-DB36D1192FB4,76072735
10/02/2025 03:24 PM,Register 12,Ashley Harriet,SALE,*400000419268,*5052574859763,LBB CK Frill Me - 36H BLK/PINK Bodyst,Lingerie,Set,Curvy Kate,CK066704BPK,41.85,105.0,1.0,0.0,105.0,0.0,105.0,6.3,111.3,AF863EF7-D576-483C-9147-6437B8B40B8F,63692312
10/02/2025 03:24 PM,Register 12,Ashley Harriet,SALE,*400000106595,*666884100474,Euc Lingerie Wash Grapefruit 3.3oz - 3.3oz,Lingerie Wash,Lingerie Wash,Euclan,GSM,3.0,7.0,1.0,0.0,7.0,0.0,7.0,0.42,7.42,AF863EF7-D576-483C-9147-6437B8B40B8F,63692312
10/02/2025 02:43 PM,Register 12,Stephanie  Jacek  -Owner,SALE,*400000189888,*3700436081280,LBB MC Deniers Back Seamed  - 2 BLK,Hosiery,Thigh High,Maison Close,609745,24.0,60.0,1.0,0.0,60.0,0.0,60.0,3.6,63.6,A8525442-5F3A-4641-9563-17785FC1ED4C,602870
10/02/2025 02:43 PM,Register 12,Stephanie  Jacek  -Owner,SALE,*400000400686,*3701425609973,LBB MC Cut And Curled Veil - 2 Brown,general,general,Maison Close,561008,10.6,30.0,1.0,0.0,30.0,0.0,30.0,1.8,31.8,A8525442-5F3A-4641-9563-17785FC1ED4C,602870
10/02/2025 11:31 AM,Register 12,Ashley Harriet,SALE,*400000386232,*3546608642718,LBB SP Strapless - 34C BLK,Bra,Strapless,Simone Perele,118302.015/13V303,40.5,102.0,1.0,0.0,102.0,0.0,102.0,6.12,108.12,B180683A-8DA9-4C58-A31A-452ED5CFA83B,76071111
10/02/2025 11:31 AM,Register 12,Ashley Harriet,SALE,*400000379401,*3546608615002,LBB SP Comete - 32D Pink Sand,Bra,Bra,Simone Perele,12S324/015/588/772/562,54.5,136.0,1.0,0.0,136.0,0.0,136.0,8.16,144.16,B180683A-8DA9-4C58-A31A-452ED5CFA83B,76071111
10/02/2025 11:31 AM,Register 12,Ashley Harriet,SALE,*400000509020,*3546808841159,LBB SP Comete White - 32D,Bra,FullCup,Simone Perele,COM12S324011,54.5,136.0,1.0,0.0,136.0,0.0,136.0,8.16,144.16,B180683A-8DA9-4C58-A31A-452ED5CFA83B,76071111
10/01/2025 07:02 PM,Register 12,Stephanie  Jacek  -Owner,SALE,*400000509532,*3340444509354,LBB CH Comfort Chic - 30D Nude,Bra,Balcony,Chantelle,C18JNV,40.32,115.0,1.0,0.0,115.0,0.0,115.0,6.9,121.9,F8C12D11-B9C1-4BF3-96FE-9C1ABE64A5C5,76070004
10/01/2025 07:02 PM,Register 12,Stephanie  Jacek  -Owner,SALE,*400000320977,*3546608615255,LBB SP Comete - 36F Pink Sand,Bra,Bra,Simone Perele,12S324/015/588/772/562,54.5,136.0,1.0,0.0,136.0,0.0,136.0,8.16,144.16,F8C12D11-B9C1-4BF3-96FE-9C1ABE64A5C5,76070004
10/01/2025 06:17 PM,Register 12,Stephanie  Jacek  -Owner,SALE,*400000491325,*3102062371115,LBB AUB Sound of - L LAV Tanga,Set,3 PC,Aubade,4C26/4C50/4C70/4CF12/4CF14,39.17,119.0,1.0,0.0,119.0,0.0,119.0,7.14,126.14,6C98256B-33D7-4372-B349-9F889332419F,76069826
10/01/2025 06:17 PM,Register 12,Stephanie  Jacek  -Owner,SALE,*400000490755,*3102062371917,LBB AUB Sound of - 32D LAV Half,Set,3 PC,Aubade,4C26/4C50/4C70/4CF12/4CF14,77.02,232.0,1.0,0.0,232.0,0.0,232.0,13.92,245.92,6C98256B-33D7-4372-B349-9F889332419F,76069826
10/01/2025 06:17 PM,Register 12,Stephanie  Jacek  -Owner,SALE,*400000491585,*3102062371245,LBB AUB Sound of - S-M LAV Garter,Set,3 PC,Aubade,4C26/4C50/4C70/4CF12/4CF14,68.22,206.0,1.0,0.0,206.0,0.0,206.0,12.36,218.36,6C98256B-33D7-4372-B349-9F889332419F,76069826
10/01/2025 06:17 PM,Register 12,Stephanie  Jacek  -Owner,SALE,*400000468082,*3701425609911,LBB MC 20 deniers Nude - 1,Hosiery,Thigh High,Maison Close,561003,8.48,22.0,1.0,0.0,22.0,0.0,22.0,1.32,23.32,6C98256B-33D7-4372-B349-9F889332419F,76069826
10/01/2025 03:58 PM,Register 12,Stephanie  Jacek  -Owner,SALE,*400000106540,*666884500625,Euc Lingerie Wash Unscented 16.9oz - 16.9oz,Lingerie Wash,Lingerie Wash,Euclan,NLG,8.0,21.0,1.0,0.0,21.0,0.0,21.0,1.26,22.26,7ECE8556-A49B-41A1-84E6-67596BA54650,76069034
10/01/2025 03:58 PM,Register 12,Stephanie  Jacek  -Owner,SALE,*400000502939,*193773400143,LBB EL Teagan AZA - 34H Bra,Set,Bra and Panty,Elomi,EL302602AZA/EL302670AZA,35.1,89.0,1.0,0.0,89.0,0.0,89.0,5.34,94.34,7ECE8556-A49B-41A1-84E6-67596BA54650,76069034
10/01/2025 03:58 PM,Register 12,Stephanie  Jacek  -Owner,SALE,*400000526140,*193773546124,LBB EL Nerina Fash - 34H ROUGE Bra,Bra and Panty Set,SET,Elomi,EL302734/EL302753,32.4,82.0,1.0,0.0,82.0,0.0,82.0,4.92,86.92,7ECE8556-A49B-41A1-84E6-67596BA54650,76069034
10/01/2025 03:58 PM,Register 12,Stephanie  Jacek  -Owner,SALE,*400000437859,*889501108411,LBB EL Smoothie - 34H Sahara BRA,Bra,Moulded ,Elomi,4301,29.25,76.0,1.0,0.0,76.0,0.0,76.0,4.56,80.56,7ECE8556-A49B-41A1-84E6-67596BA54650,76069034
10/01/2025 03:58 PM,Register 12,Stephanie  Jacek  -Owner,SALE,*400000521435,*193773549811,LBB EL Smoothie Em - 32H GRN,Bra,Full Coverage,Elomi,EL4301DPE,29.25,76.0,1.0,0.0,76.0,0.0,76.0,4.56,80.56,7ECE8556-A49B-41A1-84E6-67596BA54650,76069034
10/01/2025 03:58 PM,Register 12,Stephanie  Jacek  -Owner,SALE,*400000514512,*88627932936,LBB FR Sonic Sports Bra - 34GG STORM,Sports Bra,general,Freya,AC4892PLA/AA4892STM,33.3,85.0,1.0,0.0,85.0,0.0,85.0,5.1,90.1,7ECE8556-A49B-41A1-84E6-67596BA54650,76069034
10/01/2025 03:58 PM,Register 12,Stephanie  Jacek  -Owner,SALE,*400000504483,*193773418254,LBB EL Nerina  - 32HH CRNFL Bra,Set,Bra and Panty,Elomi,EL302734COR/EL302753COR,32.4,82.0,1.0,0.0,82.0,0.0,82.0,4.92,86.92,7ECE8556-A49B-41A1-84E6-67596BA54650,76069034
10/01/2025 02:45 PM,Register 12,Stephanie  Jacek  -Owner,SALE,*400000529516,*3340443574797,LBB CH Norah Flex - 34F BLK,Bra,Full Coverage,Chantelle,C16M10,33.79,122.0,1.0,0.0,122.0,0.0,122.0,7.32,129.32,C3C26185-6A54-42D9-81C4-CCCD4B894F41,76068591
10/01/2025 02:45 PM,Register 12,Stephanie  Jacek  -Owner,SALE,*400000327853,*3546608615156,LBB SP Comete - 34F Pink Sand,Bra,Bra,Simone Perele,12S324/015/588/772/562,54.5,136.0,1.0,0.0,136.0,0.0,136.0,8.16,144.16,C3C26185-6A54-42D9-81C4-CCCD4B894F41,76068591
10/01/2025 02:45 PM,Register 12,Stephanie  Jacek  -Owner,SALE,*400000308739,*,LBB SP Strapless - 34F nude,Bra,Strapless,Simone Perele,118302.015/13V303,40.5,102.0,1.0,0.0,102.0,0.0,102.0,6.12,108.12,C3C26185-6A54-42D9-81C4-CCCD4B894F41,76068591
10/01/2025 02:45 PM,Register 12,Stephanie  Jacek  -Owner,SALE,*400000490816,*3102062372068,LBB AUB Sound of - 34F LAV Half,Set,3 PC,Aubade,4C26/4C50/4C70/4CF12/4CF14,77.02,232.0,1.0,0.0,232.0,0.0,232.0,13.92,245.92,C3C26185-6A54-42D9-81C4-CCCD4B894F41,76068591
10/01/2025 11:42 AM,Register 12,Stephanie  Jacek  -Owner,SALE,*400000459028,*3340443823345,LBB CH Norah Chic - 30G Soft Pink,Bra,general,Chantelle,C16MNA ORG/C16MNA 011,33.79,122.0,1.0,0.0,122.0,0.0,122.0,7.32,129.32,E69A6FEB-91A6-443D-9A14-A42CEE30EA48,76067385
09/30/2025 06:03 PM,Register 12,Stephanie  Jacek  -Owner,SALE,*400000437422,*5052574897314,LBB CK Lace Daze Fashion - 32JJ Bra Pink,Lingerie,Set,Curvy Kate,CTN72897,31.35,80.0,1.0,0.0,80.0,0.0,80.0,4.8,84.8,94D14C87-77FE-45B3-A8DB-FA3BF801ADB9,76065923
09/30/2025 06:03 PM,Register 12,Stephanie  Jacek  -Owner,SALE,*400000521459,*193773549835,LBB EL Smoothie Em - 32J GRN,Bra,Full Coverage,Elomi,EL4301DPE,29.25,76.0,1.0,0.0,76.0,0.0,76.0,4.56,80.56,94D14C87-77FE-45B3-A8DB-FA3BF801ADB9,76065923
09/29/2025 03:45 PM,Register 12,Hannah Bisk,SALE,*400000106601,*666884100382,Euc Lingerie Wash Eucalyptus 3.3oz - 3.3oz,Lingerie Wash,Lingerie Wash,Euclan,ESM,3.0,7.0,1.0,0.0,7.0,0.0,7.0,0.42,7.42,EAA7325F-7561-40C5-B048-CBCDEBCCFCE9,76061568
09/29/2025 03:45 PM,Register 12,Hannah Bisk,SALE,*400000502267,*3102062390598,LBB AUB Vibes Pearl - 32D Bra,Set,3 PC,Aubade,2B26/2B52/2BF14,68.22,206.0,1.0,0.0,206.0,0.0,206.0,12.36,218.36,EAA7325F-7561-40C5-B048-CBCDEBCCFCE9,76061568
09/29/2025 03:45 PM,Register 12,Hannah Bisk,SALE,*400000459219,*3340443823505,LBB CH Norah Chic - 32D Black,Bra,general,Chantelle,C16MNA ORG/C16MNA 011,33.79,122.0,1.0,0.0,122.0,0.0,122.0,7.32,129.32,EAA7325F-7561-40C5-B048-CBCDEBCCFCE9,76061568
09/29/2025 03:45 PM,Register 12,Hannah Bisk,SALE,*400000459035,*3340443823222,LBB CH Norah Chic - 32D Soft Pink,Bra,general,Chantelle,C16MNA ORG/C16MNA 011,33.79,122.0,1.0,0.0,122.0,0.0,122.0,7.32,129.32,EAA7325F-7561-40C5-B048-CBCDEBCCFCE9,76061568
09/29/2025 03:45 PM,Register 12,Hannah Bisk,SALE,*400000379401,*3546608615002,LBB SP Comete - 32D Pink Sand,Bra,Bra,Simone Perele,12S324/015/588/772/562,54.5,136.0,1.0,0.0,136.0,0.0,136.0,8.16,144.16,EAA7325F-7561-40C5-B048-CBCDEBCCFCE9,76061568
09/29/2025 03:45 PM,Register 12,Hannah Bisk,SALE,*400000379449,*3546608607748,LBB SP Comete - 32D Black,Bra,Bra,Simone Perele,12S324/015/588/772/562,54.5,136.0,1.0,0.0,136.0,0.0,136.0,8.16,144.16,EAA7325F-7561-40C5-B048-CBCDEBCCFCE9,76061568
09/29/2025 12:39 PM,Register 12,Hannah Bisk,SALE,*400000106601,*666884100382,Euc Lingerie Wash Eucalyptus 3.3oz - 3.3oz,Lingerie Wash,Lingerie Wash,Euclan,ESM,3.0,7.0,1.0,0.0,7.0,0.0,7.0,0.42,7.42,70519C16-9538-4CAB-A7F3-E37F83C599F9,76060517
09/29/2025 12:39 PM,Register 12,Hannah Bisk,SALE,*400000471839,*3340441352090,LBB CH Magnifique - 36H NUDE,Bra,general,Chantelle,C18910-0WU/-0OL,29.95,90.0,1.0,0.0,90.0,0.0,90.0,5.4,95.4,70519C16-9538-4CAB-A7F3-E37F83C599F9,76060517
09/29/2025 12:39 PM,Register 12,Hannah Bisk,SALE,*400000442303,*5052574927820,LBB CK Luxe Cocoa - 38F,Bra,general,Curvy Kate,CTN71760,35.0,88.0,1.0,0.0,88.0,0.0,88.0,5.28,93.28,70519C16-9538-4CAB-A7F3-E37F83C599F9,76060517
09/28/2025 05:23 PM,Register 12,Ashley Harriet,SALE,*400000462134,*889501108404,LBB EL Smoothie - 34GG Sahara BRA,Bra,Moulded ,Elomi,4301,29.25,76.0,1.0,0.0,76.0,0.0,76.0,4.56,80.56,84F31BA7-2F07-4732-9C2F-B1373393DA5E,76058862
09/28/2025 05:23 PM,Register 12,Ashley Harriet,SALE,*400000320960,*3546608615255,LBB SP Comete - 34H Pink Sand,Bra,Bra,Simone Perele,12S324/015/588/772/562,54.5,136.0,1.0,0.0,136.0,0.0,136.0,8.16,144.16,84F31BA7-2F07-4732-9C2F-B1373393DA5E,76058862
09/28/2025 05:20 PM,Register 12,Ashley Harriet,SALE,*400000466040,*,LBB CH Norah - 38H Blush,Bra,general,Chantelle,C13F10-011/-02T,39.36,119.0,1.0,0.0,119.0,0.0,119.0,7.14,126.14,B67AC8BC-889E-466F-BA87-EED8589EA755,76038332
09/28/2025 05:20 PM,Register 12,Ashley Harriet,SALE,*400000511269,*193773492438,LBB EL Nerina PL - 36H Sahara,general,general,Elomi,EL302734SAH,32.4,82.0,1.0,0.0,82.0,0.0,82.0,4.92,86.92,B67AC8BC-889E-466F-BA87-EED8589EA755,76038332
09/28/2025 03:45 PM,Register 12,Ashley Harriet,SALE,*400000525662,*5063420046169,LBB CK Stardust - 36H VIO Bra,Bra and Panty Set,SET,Curvy Kate,CK083100/CK083202,32.0,81.0,1.0,0.0,81.0,0.0,81.0,4.86,85.86,84F35645-1DE8-4C13-948E-55021B4F3369,76058454
09/28/2025 03:45 PM,Register 12,Ashley Harriet,SALE,*400000320991,*3546608615262,LBB SP Comete - 36H Pink Sand,Bra,Bra,Simone Perele,12S324/015/588/772/562,54.5,136.0,1.0,0.0,136.0,0.0,136.0,8.16,144.16,84F35645-1DE8-4C13-948E-55021B4F3369,76058454
09/28/2025 03:45 PM,Register 12,Ashley Harriet,SALE,*400000526669,*193773551715,LBB EL Matilda Plum - 36G Plum Bra,Bra and Panty Set,SET,Elomi,EL8900/EL8906,32.4,82.0,1.0,0.0,82.0,0.0,82.0,4.92,86.92,84F35645-1DE8-4C13-948E-55021B4F3369,76058454
09/28/2025 02:31 PM,Register 12,Hannah Bisk,SALE,*400000518060,*3340443823130,LBB CH Norah Chic - 32B Soft Pink,Bra,general,Chantelle,C16MNA ORG/C16MNA 011,33.79,122.0,1.0,0.0,122.0,0.0,122.0,7.32,129.32,E4525E29-3530-4B59-A622-E7CCFB643105,74086936
09/28/2025 01:30 PM,Register 12,Hannah Bisk,SALE,*400000330112,*841676029168,LBB Elila Lace Longline - 40D white,Longline,Strapless,Elila ,6621-WH,33.0,85.0,1.0,0.0,85.0,0.0,85.0,5.1,90.1,22D5D7EE-1623-4B48-B6E5-ACB95E5B4E14,76057787
09/28/2025 01:26 PM,Register 12,Ashley Harriet,SALE,*400000321110,*3546608608004,LBB SP Comete - 36H Black,Bra,Bra,Simone Perele,12S324/015/588/772/562,54.5,136.0,1.0,0.0,136.0,0.0,136.0,8.16,144.16,EDE73782-C28D-445A-B98A-B93992EDD5D4,76057760
09/28/2025 01:26 PM,Register 12,Ashley Harriet,SALE,*400000521480,*193773549866,LBB EL Smoothie Em - 34H GRN,Bra,Full Coverage,Elomi,EL4301DPE,29.25,76.0,1.0,0.0,76.0,0.0,76.0,4.56,80.56,EDE73782-C28D-445A-B98A-B93992EDD5D4,76057760
09/28/2025 01:26 PM,Register 12,Ashley Harriet,SALE,*400000106571,*666884100719,Euc Lingerie Wash Jasmine 3.3oz - 3.3oz,Lingerie Wash,Lingerie Wash,Euclan,WSW,3.0,7.0,1.0,0.0,7.0,0.0,7.0,0.42,7.42,EDE73782-C28D-445A-B98A-B93992EDD5D4,76057760
09/28/2025 01:26 PM,Register 12,Ashley Harriet,SALE,*400000526638,*193773551623,LBB EL Matilda Plum - 34H Plum Bra,Bra and Panty Set,SET,Elomi,EL8900/EL8906,32.4,82.0,1.0,0.0,82.0,0.0,82.0,4.92,86.92,EDE73782-C28D-445A-B98A-B93992EDD5D4,76057760
09/28/2025 12:39 PM,Register 12,Hannah Bisk,SALE,*400000151885,*,Misc Taxable,general,general,not tracked,,0.0,115.0,1.0,0.0,115.0,0.0,115.0,6.9,121.9,FF71C196-3F5D-4520-8850-D0ECC9AE6ACE,76057547
09/28/2025 12:39 PM,Register 12,Hannah Bisk,SALE,*400000459042,*3340443823277,LBB CH Norah Chic - 32E Soft Pink,Bra,general,Chantelle,C16MNA ORG/C16MNA 011,33.79,122.0,1.0,0.0,122.0,0.0,122.0,7.32,129.32,FF71C196-3F5D-4520-8850-D0ECC9AE6ACE,76057547
09/28/2025 12:39 PM,Register 12,Hannah Bisk,SALE,*400000459226,*3340443823550,LBB CH Norah Chic - 32E Black,Bra,general,Chantelle,C16MNA ORG/C16MNA 011,33.79,122.0,1.0,0.0,122.0,0.0,122.0,7.32,129.32,FF71C196-3F5D-4520-8850-D0ECC9AE6ACE,76057547
09/28/2025 12:39 PM,Register 12,Hannah Bisk,SALE,*400000369990,*3546608607816,LBB SP Comete - 32E Black,Bra,Bra,Simone Perele,12S324/015/588/772/562,54.5,136.0,1.0,0.0,136.0,0.0,136.0,8.16,144.16,FF71C196-3F5D-4520-8850-D0ECC9AE6ACE,76057547
09/28/2025 12:39 PM,Register 12,Hannah Bisk,SALE,*400000251790,*,LBB SP Andora Plunge  - 32E Rose,Bra,Plunge,Simone Perele,"131316744,383,837,739",52.0,131.0,1.0,0.0,131.0,0.0,131.0,7.86,138.86,FF71C196-3F5D-4520-8850-D0ECC9AE6ACE,76057547
09/28/2025 12:39 PM,Register 12,Hannah Bisk,SALE,*400000106571,*666884100719,Euc Lingerie Wash Jasmine 3.3oz - 3.3oz,Lingerie Wash,Lingerie Wash,Euclan,WSW,3.0,7.0,1.0,0.0,7.0,0.0,7.0,0.42,7.42,FF71C196-3F5D-4520-8850-D0ECC9AE6ACE,76057547
09/27/2025 04:48 PM,Register 12,Hannah Bisk,SALE,*400000106595,*666884100474,Euc Lingerie Wash Grapefruit 3.3oz - 3.3oz,Lingerie Wash,Lingerie Wash,Euclan,GSM,3.0,7.0,1.0,0.0,7.0,0.0,7.0,0.42,7.42,ABFBA745-18F0-4092-B406-2A55043D8219,74421554
09/27/2025 04:48 PM,Register 12,Hannah Bisk,SALE,*400000321080,*3546608607991,LBB SP Comete - 34H Black,Bra,Bra,Simone Perele,12S324/015/588/772/562,54.5,136.0,1.0,0.0,136.0,0.0,136.0,8.16,144.16,ABFBA745-18F0-4092-B406-2A55043D8219,74421554
09/27/2025 04:48 PM,Register 12,Hannah Bisk,SALE,*400000505459,*5063420005005,LBB CK Sapphire Seas - 34H O-P,Swimsuit,general,Curvy Kate,CS037600-BUK/CS037505-BUK,47.75,120.0,1.0,0.0,120.0,0.0,120.0,7.2,127.2,ABFBA745-18F0-4092-B406-2A55043D8219,74421554
09/27/2025 02:00 PM,Register 12,Hannah Bisk,SALE,*400000106588,*666884100627,Euc Lingerie Wash Unscented 3.3oz - 3.3oz,Lingerie Wash,Lingerie Wash,Euclan,NSM,3.0,7.0,1.0,0.0,7.0,0.0,7.0,0.42,7.42,098422FC-E70D-4176-ABC3-5035BA78E98E,44757979
09/27/2025 02:00 PM,Register 12,Hannah Bisk,SALE,*400000104201,*,LBB CK Victory Bra - 36H Black,Bra,Balcony,Curvy Kate,CK9001,30.0,77.0,1.0,0.0,77.0,0.0,77.0,4.62,81.62,098422FC-E70D-4176-ABC3-5035BA78E98E,44757979
09/27/2025 02:00 PM,Register 12,Hannah Bisk,SALE,*400000415215,*5052574853259,LBB CK Wonderfully  - 2XL Blk Flr,Bra,FullCup,Curvy Kate,CTN48934/72898,16.8,42.0,1.0,0.0,42.0,0.0,42.0,2.52,44.52,098422FC-E70D-4176-ABC3-5035BA78E98E,44757979
09/27/2025 02:00 PM,Register 12,Hannah Bisk,SALE,*400000321110,*3546608608004,LBB SP Comete - 36H Black,Bra,Bra,Simone Perele,12S324/015/588/772/562,54.5,136.0,1.0,0.0,136.0,0.0,136.0,8.16,144.16,098422FC-E70D-4176-ABC3-5035BA78E98E,44757979
09/27/2025 02:00 PM,Register 12,Hannah Bisk,SALE,*400000383415,*886279329260,LBB FR Sonic Sports Bra - 38G STORM,Sports Bra,general,Freya,AC4892PLA/AA4892STM,33.3,78.0,1.0,0.0,78.0,0.0,78.0,4.68,82.68,098422FC-E70D-4176-ABC3-5035BA78E98E,44757979
09/27/2025 01:54 PM,Register 12,Hannah Bisk,SALE,*400000516073,*193773543888,LBB EL Zarla Saph - 36H Sapphire,Bra,set,Elomi,EL302505SAR,32.4,85.0,1.0,0.0,85.0,0.0,85.0,5.1,90.1,AD524D27-0DDB-4BDE-BD2F-F976996B40C0,74001785
09/26/2025 05:04 PM,Register 12,Hannah Bisk,SALE,*400000360904,*,LBB SC Classic Silk - OS Grey Robe,Babydoll,general,Samantha Chang,SC813112P-BE/SC813112P-EG/SC813112-DR/SC818823P-EG,185.0,555.0,1.0,0.0,555.0,0.0,555.0,33.3,588.3,D5EFD1F7-A90A-4931-8DE0-31499FC364C0,29462568
09/26/2025 05:04 PM,Register 12,Hannah Bisk,SALE,*400000346830,*3102061978438,LBB AUB Lovessence - SM Green,Bra and Panty Set,general,Abuade,RMF14/RM26/,28.61,92.0,1.0,0.0,92.0,18.4,73.6,4.42,78.02,D5EFD1F7-A90A-4931-8DE0-31499FC364C0,29462568
09/26/2025 05:04 PM,Register 12,Hannah Bisk,SALE,*400000430201,*1000000059977,LBB FE EVA - S Green Thong,Lingerie,Set,Fleur of England,FT2102/2107/2109,70.0,211.0,1.0,0.0,211.0,0.0,211.0,12.66,223.66,D5EFD1F7-A90A-4931-8DE0-31499FC364C0,29462568
09/26/2025 05:04 PM,Register 12,Hannah Bisk,SALE,*400000430331,*1000000060102,LBB FE EVA - M Green Garter,Lingerie,Set,Fleur of England,FT2102/2107/2109,84.0,253.0,1.0,0.0,253.0,0.0,253.0,15.18,268.18,D5EFD1F7-A90A-4931-8DE0-31499FC364C0,29462568
09/26/2025 05:04 PM,Register 12,Hannah Bisk,SALE,*400000430041,*1000000059410,LBB FE EVA - 32F Green BRA,Lingerie,Set,Fleur of England,FT2102/2107/2109,87.0,262.0,1.0,0.0,262.0,0.0,262.0,15.72,277.72,D5EFD1F7-A90A-4931-8DE0-31499FC364C0,29462568
09/26/2025 04:29 PM,Register 12,Hannah Bisk,SALE,*400000528113,*,LBB SAM Plunge Bodysuit - L Peacock Amour,Bodysuit,Bodysuit,Samantha Chang,,60.0,181.0,1.0,0.0,181.0,0.0,181.0,10.86,191.86,18AA640F-56F8-416B-B5FB-45A9E7015102,76049366
09/26/2025 04:29 PM,Register 12,Hannah Bisk,SALE,*400000374840,*5904624606141,LBB UC All Nighter - MED,Body,general,Undress Code,539,56.0,160.0,1.0,0.0,160.0,0.0,160.0,9.6,169.6,18AA640F-56F8-416B-B5FB-45A9E7015102,76049366
09/26/2025 04:29 PM,Register 12,Hannah Bisk,SALE,*400000074368,*5052574436797,LBB CK Unleash Brief Blk S,Underwear,Brief,Curvy Kate,ST2605,22.3,50.0,1.0,0.0,50.0,0.0,50.0,3.0,53.0,18AA640F-56F8-416B-B5FB-45A9E7015102,76049366
09/26/2025 04:29 PM,Register 12,Hannah Bisk,SALE,*400000511528,*3102062408729,LBB AUB Flawless Love - 30G Dragonfly Bra,Set,Bra and Panty,Aubade,5AF12/5AF14,69.98,211.0,1.0,0.0,211.0,0.0,211.0,12.66,223.66,18AA640F-56F8-416B-B5FB-45A9E7015102,76049366
09/26/2025 11:45 AM,Register 12,Hannah Bisk,SALE,*400000385990,*354660843957,LBB SP Andora Bra - 32B NUDE,Bra,moulded,Simone Perele,"131343015,383,717,837,739",50.0,126.0,1.0,0.0,126.0,0.0,126.0,7.56,133.56,213AC06E-5747-4E98-8EED-0A4026EF09E0,76047270
09/26/2025 11:34 AM,Register 12,Ashley Harriet,SALE,*400000037455,*5055709628166,LBB TR Tallulah Bra 32D,Bra,Half Padded,Tutti Rouge,B2242,34.25,90.0,1.0,0.0,90.0,27.0,63.0,3.78,66.78,DD37490F-A522-4035-BB0B-1FC85811410B,76047204
09/26/2025 11:34 AM,Register 12,Ashley Harriet,SALE,*400000369686,*5052574822040,LBB  CK Lifestyle Hearts - XS Pink,Bra and Panty Set,general,Curvy Kate,CK5711PIH/CK5703PIH,14.55,36.0,1.0,0.0,36.0,0.0,36.0,2.16,38.16,DD37490F-A522-4035-BB0B-1FC85811410B,76047204
09/26/2025 11:28 AM,Register 12,Hannah Bisk,SALE,*400000528670,*3340444144883,LBB CH Comfort Chic - 32C CHAR,Bra,Balcony,Chantelle,C18JNV,40.32,115.0,1.0,0.0,115.0,0.0,115.0,6.9,121.9,8868D722-640A-4C7B-A23B-6815E0E061E9,76047179
09/26/2025 11:28 AM,Register 12,Hannah Bisk,SALE,*400000512570,*3340443927272,LBB CH Rive Gauche  - 32C,Bra,general,Chantelle,C32860,37.44,115.0,1.0,0.0,115.0,0.0,115.0,6.9,121.9,8868D722-640A-4C7B-A23B-6815E0E061E9,76047179
09/25/2025 06:30 PM,Register 12,Hannah Bisk,SALE,*400000500881,*3102062383057,LBB AUB Sheer Emo  - M Honey Tanga,Set,Bra and Panty,Aubade,4M10/4M26/4M70/4MF14,28.61,87.0,1.0,0.0,87.0,0.0,87.0,5.22,92.22,504D3053-649E-4CA0-AE5F-7155920B3CC6,76045862
09/25/2025 06:30 PM,Register 12,Hannah Bisk,SALE,*400000500171,*3102062385730,LBB AUB Sheer Emo  - 30F Honey Bra,Set,Bra and Panty,Aubade,4M10/4M26/4M70/4MF14,55.02,166.0,1.0,0.0,166.0,0.0,166.0,9.96,175.96,504D3053-649E-4CA0-AE5F-7155920B3CC6,76045862
09/25/2025 06:30 PM,Register 12,Hannah Bisk,SALE,*400000451909,*9351301195942,LBB DVT Rose Glambition - M BLK G-string,Lingerie,Set,Dita Von Tease,D59051/23051,23.33,71.0,1.0,0.0,71.0,0.0,71.0,4.26,75.26,504D3053-649E-4CA0-AE5F-7155920B3CC6,76045862
09/25/2025 06:30 PM,Register 12,Hannah Bisk,SALE,*400000451664,*9351301195782,LBB DVT Rose Glambition - 34D BLK BRA,Lingerie,Set,Dita Von Tease,D59051/23051,43.58,132.0,1.0,0.0,132.0,0.0,132.0,7.92,139.92,504D3053-649E-4CA0-AE5F-7155920B3CC6,76045862
09/25/2025 06:30 PM,Register 12,Hannah Bisk,SALE,*400000523088,*3102062393360,LBB AUB Sheer Emo BLK - 32D Bra,Set,Bra and Panty,Aubade,4M10/4M26/4M70/4MF12/4MF14,55.02,166.0,1.0,0.0,166.0,0.0,166.0,9.96,175.96,504D3053-649E-4CA0-AE5F-7155920B3CC6,76045862
09/25/2025 06:30 PM,Register 12,Hannah Bisk,SALE,*400000315355,*3102061949537,LBB AUB Bahia  - SM Mada,Bra,Set,Abuade,22056413,25.97,79.0,1.0,0.0,79.0,15.8,63.2,3.79,66.99,504D3053-649E-4CA0-AE5F-7155920B3CC6,76045862
09/25/2025 06:30 PM,Register 12,Hannah Bisk,SALE,*400000315300,*3102061949247,LBB AUB Bahia  - 32E Mada,Bra,Set,Abuade,22056413,46.21,140.0,1.0,0.0,140.0,0.0,140.0,8.4,148.4,504D3053-649E-4CA0-AE5F-7155920B3CC6,76045862
09/24/2025 06:14 PM,Register 12,Ashley Harriet,SALE,*400000494890,*3660621313476,LBB EP Melody Ultv. - 38F Bra,Bra,general,Empreinte,13386/0786,101.0,254.0,1.0,0.0,254.0,0.0,254.0,15.24,269.24,1DBE551B-C55B-44A6-86E3-9AC93C883728,75073119
09/24/2025 06:14 PM,Register 12,Ashley Harriet,SALE,*400000399195,*3102062030951,LBB AUB Illusion Fauve  - XL,Bra and Panty Set,general,Aubade,1AF14/1A03/1A26/1A50,39.17,118.0,1.0,0.0,118.0,0.0,118.0,7.08,125.08,1DBE551B-C55B-44A6-86E3-9AC93C883728,75073119
09/24/2025 06:14 PM,Register 12,Ashley Harriet,SALE,*400000520926,*889500290247,LBB EL Matilda  - 36G Nude Plunge,Set,Bra and Panty,Elomi,EL8900/05,32.4,82.0,1.0,0.0,82.0,0.0,82.0,4.92,86.92,1DBE551B-C55B-44A6-86E3-9AC93C883728,75073119
09/24/2025 06:14 PM,Register 12,Ashley Harriet,SALE,*400000482521,*3660621291545,LBB EP Leia - 36H Noir,Bra,general,Empreinte,07224,95.0,239.0,1.0,0.0,239.0,0.0,239.0,14.34,253.34,1DBE551B-C55B-44A6-86E3-9AC93C883728,75073119
09/24/2025 06:14 PM,Register 12,Ashley Harriet,SALE,*400000378930,*3660621062183,LBB EP ALLURE  - LG Black,Bra and Panty Set,general,Empreinte,07205/02205,53.1,133.0,1.0,0.0,133.0,0.0,133.0,7.98,140.98,1DBE551B-C55B-44A6-86E3-9AC93C883728,75073119
09/24/2025 06:14 PM,Register 12,Ashley Harriet,SALE,*400000337852,*7701453846513,LBB LEO Shaper - 2XL Nude Panty,Body Shapers,general,Leonisa,012903,17.5,56.0,1.0,0.0,56.0,0.0,56.0,3.36,59.36,1DBE551B-C55B-44A6-86E3-9AC93C883728,75073119
09/24/2025 06:14 PM,Register 12,Ashley Harriet,SALE,*400000337852,*7701453846513,LBB LEO Shaper - 2XL Nude Panty,Body Shapers,general,Leonisa,012903,17.5,56.0,1.0,0.0,56.0,0.0,56.0,3.36,59.36,1DBE551B-C55B-44A6-86E3-9AC93C883728,75073119
09/24/2025 04:49 PM,Register 12,Ashley Harriet,SALE,*400000151885,*,Misc Taxable,general,general,not tracked,,0.0,470.0,1.0,0.0,470.0,0.0,470.0,28.2,498.2,12494557-8C8D-4410-BBAB-00CE84B37321,72636221
09/24/2025 04:49 PM,Register 12,Ashley Harriet,SALE,*400000492902,*0634413544457,LBB BDL Syra - M BLK Thong,Lingerie,Set,Bordelle,,64.88,196.0,1.0,0.0,196.0,0.0,196.0,11.76,207.76,12494557-8C8D-4410-BBAB-00CE84B37321,72636221
09/24/2025 04:49 PM,Register 12,Ashley Harriet,SALE,*400000507194,*,LBB CAD Mini Corset - 32B Blk,Corset,Over Bust,Cadolle,1130D,195.0,585.0,1.0,0.0,585.0,0.0,585.0,35.1,620.1,12494557-8C8D-4410-BBAB-00CE84B37321,72636221
09/24/2025 04:38 PM,Register 12,Ashley Harriet,SALE,*400000523682,*3102062392608,LBB AUB Sheer Emo BLK - S Tanga,Set,Bra and Panty,Aubade,4M10/4M26/4M70/4MF12/4MF14,28.61,87.0,1.0,0.0,87.0,0.0,87.0,5.22,92.22,8C538DDF-1145-4B12-9A4D-238275D99EF2,602870
09/24/2025 04:38 PM,Register 12,Ashley Harriet,SALE,*400000523521,*3102062392400,LBB AUB Sheer Emo BLK - XS Bralette,Set,Bra and Panty,Aubade,4M10/4M26/4M70/4MF12/4MF14,52.38,158.0,1.0,0.0,158.0,0.0,158.0,9.48,167.48,8C538DDF-1145-4B12-9A4D-238275D99EF2,602870
09/24/2025 04:38 PM,Register 12,Ashley Harriet,SALE,*400000157351,*2100000299737,LBB AJ Sharon - L Blk Thong,Set,Set,Ajour,BU5,16.8,47.0,1.0,0.0,47.0,0.0,47.0,2.82,49.82,8C538DDF-1145-4B12-9A4D-238275D99EF2,602870
09/24/2025 04:38 PM,Register 12,Ashley Harriet,SALE,*400000527925,*1000000067828,LBB FE Cecilia - XS AMYST Thong,Bra and Panty Set,SET,Fleur of England,FT2276/FT2283,55.0,166.0,1.0,0.0,166.0,0.0,166.0,9.96,175.96,8C538DDF-1145-4B12-9A4D-238275D99EF2,602870
09/24/2025 04:38 PM,Register 12,Ashley Harriet,SALE,*400000527703,*1000000067439,LBB FE Cecilia - 30D AMYST Bra,Bra and Panty Set,SET,Fleur of England,FT2276/FT2283,85.0,256.0,1.0,0.0,256.0,0.0,256.0,15.36,271.36,8C538DDF-1145-4B12-9A4D-238275D99EF2,602870
09/24/2025 04:38 PM,Register 12,Ashley Harriet,SALE,*400000389073,*2100103572973,LBB AJ Joli - XS Panties,Bra and Panty Set,general,Ajour,,22.0,88.0,1.0,0.0,88.0,0.0,88.0,5.28,93.28,8C538DDF-1145-4B12-9A4D-238275D99EF2,602870
09/24/2025 04:38 PM,Register 12,Ashley Harriet,SALE,*400000389028,*2100103572881,LBB AJ Joli - XS Bra,Bra and Panty Set,general,Ajour,,30.0,120.0,1.0,0.0,120.0,0.0,120.0,7.2,127.2,8C538DDF-1145-4B12-9A4D-238275D99EF2,602870
09/23/2025 06:41 PM,Register 12,Stephanie  Jacek  -Owner,SALE,*400000522623,*193773542676,LBB EL Kintai Fash - 38H BERRY Bra,Set,Bra and Panty,Elomi,EL301202/EL301251,30.6,78.0,1.0,0.0,78.0,0.0,78.0,4.68,82.68,B8FE181E-1E1F-4406-A57D-1EC4AB075C8B,76038332
09/23/2025 02:36 PM,Register 12,Stephanie  Jacek  -Owner,SALE,*400000117331,*8717891686276,LBB SAP Gaudy Body Blk - XL,Bodysuit,Body,Sapph,7067-153-17-01,25.2,150.0,1.0,0.0,150.0,0.0,150.0,9.0,159.0,D75AFA13-FB7D-402D-A795-20DBF028ABE5,76036901
09/23/2025 02:36 PM,Register 12,Stephanie  Jacek  -Owner,SALE,*400000282893,*,LBB Va Bien Bustier Nude - 36E Nude,Bustier,Bustier,Va Bien,1508,41.83,105.0,1.0,0.0,105.0,0.0,105.0,6.3,111.3,D75AFA13-FB7D-402D-A795-20DBF028ABE5,76036901
09/23/2025 02:36 PM,Register 12,Stephanie  Jacek  -Owner,SALE,*400000328010,*3546608607892,LBB SP Comete - 34F Black,Bra,Bra,Simone Perele,12S324/015/588/772/562,54.5,136.0,1.0,0.0,136.0,0.0,136.0,8.16,144.16,D75AFA13-FB7D-402D-A795-20DBF028ABE5,76036901
09/23/2025 01:31 PM,Register 12,Stephanie  Jacek  -Owner,SALE,*400000526119,*193773546049,LBB EL Nerina Fash - 32H ROUGE Bra,Bra and Panty Set,SET,Elomi,EL302734/EL302753,32.4,82.0,1.0,0.0,82.0,0.0,82.0,4.92,86.92,05ADA877-383F-4480-BC9F-D255251C573B,76036484
09/23/2025 01:31 PM,Register 12,Stephanie  Jacek  -Owner,SALE,*400000509723,*193773417677,temporarily-unavailable,Set,Bra and Panty,Elomi,EL302734COR/EL302753COR,32.4,82.0,1.0,0.0,82.0,0.0,82.0,4.92,86.92,05ADA877-383F-4480-BC9F-D255251C573B,76036484
09/23/2025 01:31 PM,Register 12,Stephanie  Jacek  -Owner,SALE,*400000520858,*889500290100,LBB EL Matilda  - 32H Nude Plunge,Set,Bra and Panty,Elomi,EL8900/05,32.4,82.0,1.0,0.0,82.0,0.0,82.0,4.92,86.92,05ADA877-383F-4480-BC9F-D255251C573B,76036484
09/23/2025 01:31 PM,Register 12,Stephanie  Jacek  -Owner,SALE,*400000526584,*193773551531,LBB EL Matilda Plum - 32H Plum Bra,Bra and Panty Set,SET,Elomi,EL8900/EL8906,32.4,82.0,1.0,0.0,82.0,0.0,82.0,4.92,86.92,05ADA877-383F-4480-BC9F-D255251C573B,76036484
09/23/2025 01:31 PM,Register 12,Stephanie  Jacek  -Owner,SALE,*400000527352,*193773552187,LBB EL Matilda Plum - M Plum Brief,Bra and Panty Set,SET,Elomi,EL8900/EL8906,14.85,39.0,1.0,0.0,39.0,0.0,39.0,2.34,41.34,05ADA877-383F-4480-BC9F-D255251C573B,76036484
09/23/2025 01:31 PM,Register 12,Stephanie  Jacek  -Owner,SALE,*400000521466,*193773549842,LBB EL Smoothie Em - 34G GRN,Bra,Full Coverage,Elomi,EL4301DPE,29.25,76.0,1.0,0.0,76.0,0.0,76.0,4.56,80.56,05ADA877-383F-4480-BC9F-D255251C573B,76036484
09/22/2025 03:43 PM,Register 12,Stephanie  Jacek  -Owner,SALE,*400000106571,*666884100719,Euc Lingerie Wash Jasmine 3.3oz - 3.3oz,Lingerie Wash,Lingerie Wash,Euclan,WSW,3.0,7.0,1.0,0.0,7.0,0.0,7.0,0.42,7.42,8146F70A-6B6F-4DCB-A768-55589CF0EF85,76033914
09/22/2025 03:43 PM,Register 12,Stephanie  Jacek  -Owner,SALE,*400000517834,*3340443868018,LBB CH Norah Flex - 32E Aubergine,Bra,Full Coverage,Chantelle,C16M10,40.32,122.0,1.0,0.0,122.0,0.0,122.0,7.32,129.32,8146F70A-6B6F-4DCB-A768-55589CF0EF85,76033914
09/22/2025 03:43 PM,Register 12,Stephanie  Jacek  -Owner,SALE,*400000206011,*,LBB SP Andora Bra - 32E BLUSH,Bra,moulded,Simone Perele,"131343015,383,717,837,739",50.0,126.0,1.0,0.0,126.0,0.0,126.0,7.56,133.56,8146F70A-6B6F-4DCB-A768-55589CF0EF85,76033914
09/22/2025 03:34 PM,Register 12,Stephanie  Jacek  -Owner,SALE,*400000519913,*3546608857051,LBB SP Comete - 36H Plum,Bra,Bra,Simone Perele,12S324/015/588/772/562,54.5,136.0,1.0,0.0,136.0,0.0,136.0,8.16,144.16,E861FC90-8D8C-44BD-9750-FFA7C6E4C798,76033864
09/22/2025 03:34 PM,Register 12,Stephanie  Jacek  -Owner,SALE,*400000468396,*5052574901318,LBB CK Heygirl strapless - 38G Latte,Bra,general,Curvy Kate,CK071108,32.75,83.0,1.0,0.0,83.0,0.0,83.0,4.98,87.98,E861FC90-8D8C-44BD-9750-FFA7C6E4C798,76033864
09/22/2025 03:34 PM,Register 12,Stephanie  Jacek  -Owner,SALE,*400000525648,*5063420046145,LBB CK Stardust - 36G VIO Bra,Bra and Panty Set,SET,Curvy Kate,CK083100/CK083202,32.0,81.0,1.0,0.0,81.0,0.0,81.0,4.86,85.86,E861FC90-8D8C-44BD-9750-FFA7C6E4C798,76033864
09/21/2025 06:04 PM,Register 12,Hannah Bisk,SALE,*400000048758,*,LBB AD Glam Underwire Bra 36D,Bra,Underwire ,Absolutely Lingerie,ADFGL02,32.0,85.0,1.0,0.0,85.0,0.0,85.0,5.1,90.1,D1896AF4-4211-4FEB-A803-A258B02B9036,75948096
09/21/2025 06:04 PM,Register 12,Hannah Bisk,SALE,*400000243917,*887934560813,LBB ML Adage - LRG Blk Tanga,general,general,not tracked,,25.2,64.0,1.0,0.0,64.0,0.0,64.0,3.84,67.84,D1896AF4-4211-4FEB-A803-A258B02B9036,75948096
09/21/2025 06:04 PM,Register 12,Hannah Bisk,SALE,*400000458809,*3102062095875,LBB AUB Into the Groove - XL-B Tanga PNK KARMA,Lingerie,Set,Aubade,3BF14/3B70/3B52/3B26,47.98,145.0,1.0,0.0,145.0,0.0,145.0,8.7,153.7,D1896AF4-4211-4FEB-A803-A258B02B9036,75948096
09/21/2025 06:04 PM,Register 12,Hannah Bisk,SALE,*400000457765,*3102062097329,LBB AUB Into the Groove - 34C BRA PNK KARMA,Lingerie,Set,Aubade,3BF14/3B70/3B52/3B26,68.22,206.0,1.0,0.0,206.0,0.0,206.0,12.36,218.36,D1896AF4-4211-4FEB-A803-A258B02B9036,75948096
09/21/2025 06:04 PM,Register 12,Hannah Bisk,SALE,*400000106564,*666884100528,Euc Lingerie Wash Lavender 3.3oz - 3.3oz,Lingerie Wash,Lingerie Wash,Euclan,LSM,3.0,7.0,1.0,0.0,7.0,0.0,7.0,0.42,7.42,D1896AF4-4211-4FEB-A803-A258B02B9036,75948096
09/21/2025 06:04 PM,Register 12,Hannah Bisk,SALE,*400000271064,*655222130938,LBB Lavish Corset - M Sheer,Corset,Corset ,Daisy Corset,LV1177/780/578/180/773/88/200/599/142/755/67/209/,40.0,110.0,1.0,0.0,110.0,0.0,110.0,6.6,116.6,D1896AF4-4211-4FEB-A803-A258B02B9036,75948096
09/21/2025 06:04 PM,Register 12,Hannah Bisk,SALE,*400000409474,*887934827015,LBB ML Hypnotic Black - XL,Bra and Panty Set,general,Maison Lejaby,230413/23046230,25.2,63.0,1.0,0.0,63.0,0.0,63.0,3.78,66.78,D1896AF4-4211-4FEB-A803-A258B02B9036,75948096
09/21/2025 05:50 PM,Register 12,Hannah Bisk,SALE,*400000515083,*3340443574421,LBB CH Norah Flex - 32E Rose,Bra,Full Coverage,Chantelle,C16M10,40.32,122.0,1.0,0.0,122.0,0.0,122.0,7.32,129.32,64EB6785-775B-46B0-9FE9-B0FE1E2EC5DC,76031357
09/21/2025 05:50 PM,Register 12,Hannah Bisk,SALE,*400000512105,*3102062405223,LBB AUB Vibe Fash - 32E Denim Bra,Set,3 PC,Aubade,2BF14/2BN13G,68.22,206.0,1.0,0.0,206.0,0.0,206.0,12.36,218.36,64EB6785-775B-46B0-9FE9-B0FE1E2EC5DC,76031357
09/21/2025 05:34 PM,Register 12,Hannah Bisk,SALE,*400000348247,*3546608615064,LBB SP Comete - 30E Pink Sand,Bra,Bra,Simone Perele,12S324/015/588/772/562,54.5,136.0,1.0,0.0,136.0,0.0,136.0,8.16,144.16,97816FED-1296-4DAE-88BB-99DFDA67E9B9,64033681
09/21/2025 05:34 PM,Register 12,Hannah Bisk,SALE,*400000516288,*3340444011383,LBB CH Maris - 30F Nude,Bra,Full Cup,Chantelle,C16IMV-01N,47.04,120.0,1.0,0.0,120.0,0.0,120.0,7.2,127.2,97816FED-1296-4DAE-88BB-99DFDA67E9B9,64033681
09/21/2025 05:34 PM,Register 12,Hannah Bisk,SALE,*400000106526,*666884500717,Euc Lingerie Wash Jasmine 16.9oz - 16.9oz,Lingerie Wash,Lingerie Wash,Euclan,WLG,8.0,21.0,1.0,0.0,21.0,0.0,21.0,1.26,22.26,97816FED-1296-4DAE-88BB-99DFDA67E9B9,64033681
09/21/2025 04:36 PM,Register 12,Hannah Bisk,SALE,*400000224916,*3546607732489,LBB SP Strapless - 30E BLK,Bra,Strapless,Simone Perele,118302.015/13V303,40.5,102.0,1.0,0.0,102.0,0.0,102.0,6.12,108.12,01959958-EA25-4E41-9A01-2255833E0AEC,76031091
09/21/2025 04:28 PM,Register 12,Hannah Bisk,SALE,*400000106595,*666884100474,Euc Lingerie Wash Grapefruit 3.3oz - 3.3oz,Lingerie Wash,Lingerie Wash,Euclan,GSM,3.0,7.0,1.0,0.0,7.0,0.0,7.0,0.42,7.42,0767F000-9886-4BE1-85FE-5990DF7F7A70,73740820
09/21/2025 04:28 PM,Register 12,Hannah Bisk,SALE,*400000103792,*5052574534196,LBB CK Victory Bra - 34FF Nude,Bra,Balcony,Curvy Kate,CK9001,30.45,77.0,1.0,0.0,77.0,0.0,77.0,4.62,81.62,0767F000-9886-4BE1-85FE-5990DF7F7A70,73740820
09/21/2025 04:28 PM,Register 12,Hannah Bisk,SALE,*400000520896,*193773063911,LBB EL Matilda  - 34F Nude Plunge,Set,Bra and Panty,Elomi,EL8900/05,32.4,82.0,1.0,0.0,82.0,0.0,82.0,4.92,86.92,0767F000-9886-4BE1-85FE-5990DF7F7A70,73740820
09/21/2025 04:28 PM,Register 12,Hannah Bisk,SALE,*400000528984,*3102062418773,LBB AUB Rosesse Fash - 34E MOSS Bra,Bra and Panty Set,SET,Aubade,2KF12/2K26,68.22,206.0,1.0,0.0,206.0,0.0,206.0,12.36,218.36,0767F000-9886-4BE1-85FE-5990DF7F7A70,73740820
09/21/2025 04:28 PM,Register 12,Hannah Bisk,SALE,*400000529264,*3102062418377,LBB AUB Rosesse Fash - XL MOSS Tanga,Bra and Panty Set,SET,Aubade,2KF12/2K26,30.37,93.0,1.0,0.0,93.0,0.0,93.0,5.58,98.58,0767F000-9886-4BE1-85FE-5990DF7F7A70,73740820
09/21/2025 03:57 PM,Register 12,Hannah Bisk,SALE,*400000327822,*3546608615149,LBB SP Comete - 32F Pink Sand,Bra,Bra,Simone Perele,12S324/015/588/772/562,54.5,136.0,1.0,0.0,136.0,0.0,136.0,8.16,144.16,A6A2E29F-1E8F-4E66-8BBD-3CFE7B129333,76030927
09/21/2025 03:57 PM,Register 12,Hannah Bisk,SALE,*400000506890,*3102061733327,LBB AUB Dans Plunge Blk - 32E P,Bra,Plunge,Aubade,OG12/OG12-02,65.58,232.0,1.0,0.0,232.0,0.0,232.0,13.92,245.92,A6A2E29F-1E8F-4E66-8BBD-3CFE7B129333,76030927
09/21/2025 03:57 PM,Register 12,Hannah Bisk,SALE,*400000378510,*3660629745583,LBB EP Melody  - 32E,Bra ,general,Empreinte,0786,101.0,254.0,1.0,0.0,254.0,0.0,254.0,15.24,269.24,A6A2E29F-1E8F-4E66-8BBD-3CFE7B129333,76030927
09/21/2025 03:57 PM,Register 12,Hannah Bisk,SALE,*400000528977,*302062418766,LBB AUB Rosesse Fash - 32E MOSS Bra,Bra and Panty Set,SET,Aubade,2KF12/2K26,68.22,206.0,1.0,0.0,206.0,0.0,206.0,12.36,218.36,A6A2E29F-1E8F-4E66-8BBD-3CFE7B129333,76030927
09/21/2025 03:41 PM,Register 12,Hannah Bisk,SALE,*400000526911,*193773552071,LBB EL Matilda Plum - 42HH Plum Bra,Bra and Panty Set,SET,Elomi,EL8900/EL8906,32.4,82.0,1.0,0.0,82.0,0.0,82.0,4.92,86.92,0A7ABA61-9F91-4FB0-9BE4-3D3A4F63F4FD,76030854
09/21/2025 03:41 PM,Register 12,Hannah Bisk,SALE,*400000526287,*193773546537,LBB EL Nerina Fash - 42HH ROUGE Bra,Bra and Panty Set,SET,Elomi,EL302734/EL302753,32.4,82.0,1.0,0.0,82.0,0.0,82.0,4.92,86.92,0A7ABA61-9F91-4FB0-9BE4-3D3A4F63F4FD,76030854
09/21/2025 02:37 PM,Register 12,Hannah Bisk,SALE,*400000106588,*666884100627,Euc Lingerie Wash Unscented 3.3oz - 3.3oz,Lingerie Wash,Lingerie Wash,Euclan,NSM,3.0,7.0,1.0,0.0,7.0,0.0,7.0,0.42,7.42,B8648907-0FA7-404E-8C27-3598BCFEC009,76030539
09/21/2025 02:37 PM,Register 12,Hannah Bisk,SALE,*400000509792,*193773417851,temporarily-unavailable,Set,Bra and Panty,Elomi,EL302734COR/EL302753COR,32.4,82.0,1.0,0.0,82.0,0.0,82.0,4.92,86.92,B8648907-0FA7-404E-8C27-3598BCFEC009,76030539
09/21/2025 01:16 PM,Register 12,Hannah Bisk,SALE,*400000106564,*666884100528,Euc Lingerie Wash Lavender 3.3oz - 3.3oz,Lingerie Wash,Lingerie Wash,Euclan,LSM,3.0,7.0,1.0,0.0,7.0,0.0,7.0,0.42,7.42,8285E6B5-DAA0-4A5C-BC27-802958C74B1E,76030115
09/21/2025 01:16 PM,Register 12,Hannah Bisk,SALE,*400000381107,*009269320744,LBB Va Bien Bustier Nude - 34E Nude,Bustier,Bustier,Va Bien,1508,41.83,105.0,1.0,0.0,105.0,0.0,105.0,6.3,111.3,8285E6B5-DAA0-4A5C-BC27-802958C74B1E,76030115
09/21/2025 01:16 PM,Register 12,Hannah Bisk,SALE,*400000465906,*,LBB CH Norah - 34D Blush,Bra,general,Chantelle,C13F10-011/-02T,39.36,119.0,1.0,0.0,119.0,0.0,119.0,7.14,126.14,8285E6B5-DAA0-4A5C-BC27-802958C74B1E,76030115
09/21/2025 01:16 PM,Register 12,Hannah Bisk,SALE,*400000518558,*3340440001838,LBB CH Norah Blush - 30H,Bra,Comfort Bra,Chantelle,C13F10,39.36,119.0,1.0,0.0,119.0,0.0,119.0,7.14,126.14,8285E6B5-DAA0-4A5C-BC27-802958C74B1E,76030115
09/21/2025 12:46 PM,Register 12,Hannah Bisk,SALE,*400000492896,*0634413544440,LBB BDL Syra - S BLK Thong,Lingerie,Set,Bordelle,,64.88,196.0,1.0,0.0,196.0,0.0,196.0,11.76,207.76,D4FBF785-F706-4D09-90C2-B4F52E4771E8,61713176
09/21/2025 12:46 PM,Register 12,Hannah Bisk,SALE,*400000492452,*0634413543917,LBB BDL Syra - M BLK Plunge,Lingerie,Set,Bordelle,,98.46,297.0,1.0,0.0,297.0,0.0,297.0,17.82,314.82,D4FBF785-F706-4D09-90C2-B4F52E4771E8,61713176
09/21/2025 12:46 PM,Register 12,Hannah Bisk,SALE,*400000106588,*666884100627,Euc Lingerie Wash Unscented 3.3oz - 3.3oz,Lingerie Wash,Lingerie Wash,Euclan,NSM,3.0,7.0,1.0,0.0,7.0,0.0,7.0,0.42,7.42,D4FBF785-F706-4D09-90C2-B4F52E4771E8,61713176
09/21/2025 12:46 PM,Register 12,Hannah Bisk,SALE,*400000520339,*4823103457443,LBB BR Mistela - M Beige Thong,Bra and Panty Set,SET,Bretelle,BM 43 / C 222,8.0,30.0,1.0,0.0,30.0,0.0,30.0,1.8,31.8,D4FBF785-F706-4D09-90C2-B4F52E4771E8,61713176
09/21/2025 12:28 PM,Register 12,Hannah Bisk,SALE,*400000224923,*,LBB SP Strapless - 30F BLK,Bra,Strapless,Simone Perele,118302.015/13V303,33.5,102.0,1.0,0.0,102.0,0.0,102.0,6.12,108.12,D0CEE2EC-3337-45BD-952F-D232A0AFECD4,76029894
09/20/2025 06:52 PM,Register 12,Hannah Bisk,SALE,*400000487946,*3340443398201,LBB CH JOLIE - 30G NUDE Bra,Bra,Bra,Chantelle,C13BQ9/C13B60,38.54,117.0,1.0,0.0,117.0,0.0,117.0,7.02,124.02,8096D08F-8EE6-43B8-A715-5D0D64ECC090,76028385
09/20/2025 06:52 PM,Register 12,Hannah Bisk,SALE,*400000459622,*3340443583676,LBB CH Norah - 30G BLK,Bra,general,Chantelle,C13F10-011/-02T,39.36,119.0,1.0,0.0,119.0,0.0,119.0,7.14,126.14,8096D08F-8EE6-43B8-A715-5D0D64ECC090,76028385
09/20/2025 05:44 PM,Register 12,Ashley Harriet,SALE,*400000106564,*666884100528,Euc Lingerie Wash Lavender 3.3oz - 3.3oz,Lingerie Wash,Lingerie Wash,Euclan,LSM,3.0,7.0,1.0,0.0,7.0,0.0,7.0,0.42,7.42,D0C5144E-1EA5-4C33-9F60-F37096A869E1,76027845
09/20/2025 05:44 PM,Register 12,Ashley Harriet,SALE,*400000403700,*5052574867300,LBB CK Boost in Bloom - 30F,Bra,Push up,Curvy Kate,CTN1199,31.35,79.0,1.0,0.0,79.0,0.0,79.0,4.74,83.74,D0C5144E-1EA5-4C33-9F60-F37096A869E1,76027845
09/20/2025 05:44 PM,Register 12,Ashley Harriet,SALE,*400000513089,*5052574985097,LBB CK Flora  Bra - 30G Wht,Bra,Balcony,Curvy Kate,CK091100WHT,29.55,85.0,1.0,0.0,85.0,0.0,85.0,5.1,90.1,D0C5144E-1EA5-4C33-9F60-F37096A869E1,76027845
09/20/2025 05:44 PM,Register 12,Ashley Harriet,SALE,*400000525525,*50634200454858,LBB CK Stardust - 30FF VIO Bra,Bra and Panty Set,SET,Curvy Kate,CK083100/CK083202,32.0,81.0,1.0,0.0,81.0,0.0,81.0,4.86,85.86,D0C5144E-1EA5-4C33-9F60-F37096A869E1,76027845
09/20/2025 04:50 PM,Register 12,Hannah Bisk,SALE,*400000106571,*666884100719,Euc Lingerie Wash Jasmine 3.3oz - 3.3oz,Lingerie Wash,Lingerie Wash,Euclan,WSW,3.0,7.0,1.0,0.0,7.0,0.0,7.0,0.42,7.42,C9D86657-58FA-4E9C-863C-06D54B005586,76027450
09/20/2025 04:50 PM,Register 12,Hannah Bisk,SALE,*400000327822,*3546608615149,LBB SP Comete - 32F Pink Sand,Bra,Bra,Simone Perele,12S324/015/588/772/562,54.5,136.0,1.0,0.0,136.0,0.0,136.0,8.16,144.16,C9D86657-58FA-4E9C-863C-06D54B005586,76027450
09/20/2025 04:50 PM,Register 12,Hannah Bisk,SALE,*400000522326,*3340444146740,LBB CH Norah Violet - 32G,Bra,Bra,Chantelle,C13F10,39.36,119.0,1.0,0.0,119.0,0.0,119.0,7.14,126.14,C9D86657-58FA-4E9C-863C-06D54B005586,76027450
09/20/2025 04:50 PM,Register 12,Hannah Bisk,SALE,*400000515106,*3340443574537,LBB CH Norah Flex - 32G Rose,Bra,Full Coverage,Chantelle,C16M10,40.32,122.0,1.0,0.0,122.0,0.0,122.0,7.32,129.32,C9D86657-58FA-4E9C-863C-06D54B005586,76027450
09/20/2025 01:56 PM,Register 12,Hannah Bisk,SALE,*400000224831,*3546608129554,LBB SP Strapless - 30D nude,Bra,Strapless,Simone Perele,118302.015/13V303,40.5,102.0,1.0,0.0,102.0,0.0,102.0,6.12,108.12,B2A7A652-4137-481B-BAB4-DAA71C055561,66618936
09/20/2025 12:13 PM,Register 12,Hannah Bisk,SALE,*400000079851,*3700436097489,LBB MC Deniers Back Seam - 4 Red/Blk,Hosiery,Thigh High,Maison Close,609745,19.35,60.0,1.0,0.0,60.0,0.0,60.0,3.6,63.6,928431C8-9077-416A-96DF-E3CD7DD5B45E,76024774
09/20/2025 12:13 PM,Register 12,Hannah Bisk,SALE,*400000300771,*9002593170901,LBB ESC Diana - L panty,Set,set,Escora,D218,27.0,81.0,1.0,0.0,81.0,0.0,81.0,4.86,85.86,928431C8-9077-416A-96DF-E3CD7DD5B45E,76024774
09/20/2025 12:13 PM,Register 12,Hannah Bisk,SALE,*400000489162,*,LBB ESC Nikita O-Bra - 36C Bra Blk,Bra,Open Bra,Escora,,65.0,260.0,1.0,0.0,260.0,0.0,260.0,15.6,275.6,928431C8-9077-416A-96DF-E3CD7DD5B45E,76024774
09/20/2025 11:34 AM,Register 12,Ashley Harriet,SALE,*400000262505,*5052574747039,LBB CK Boost Me - 30E BLK,Lingerie,Set,Curvy Kate,CTN36123,30.0,84.0,1.0,0.0,84.0,0.0,84.0,5.04,89.04,F21C0A06-CB21-455F-AA66-E27999C3ED3B,70385475
09/20/2025 11:34 AM,Register 12,Ashley Harriet,SALE,*400000104188,*5052474518462,LBB CK Victory Bra - 36F Black,Bra,Balcony,Curvy Kate,CK9001,30.0,77.0,1.0,0.0,77.0,0.0,77.0,4.62,81.62,F21C0A06-CB21-455F-AA66-E27999C3ED3B,70385475
09/20/2025 11:34 AM,Register 12,Ashley Harriet,SALE,*400000379487,*3546608615101,LBB SP Comete - 38E Pink Sand,Bra,Bra,Simone Perele,12S324/015/588/772/562,54.5,136.0,1.0,0.0,136.0,0.0,136.0,8.16,144.16,F21C0A06-CB21-455F-AA66-E27999C3ED3B,70385475
09/19/2025 06:56 PM,Register 12,Hannah Bisk,SALE,*400000189918,*3700436081310,LBB MC Deniers Back Seamed  - 5 BLK,Hosiery,Thigh High,Maison Close,609745,24.0,60.0,1.0,0.0,60.0,0.0,60.0,3.6,63.6,50089B2E-5344-48C5-BADA-412B76E777B2,37878210
09/19/2025 06:56 PM,Register 12,Hannah Bisk,SALE,*400000401881,*5052574821388,LBB SC Embrace  - LG BLACK,Bra and Panty Set,general,Scantilly,ST028118/ST028200,20.9,56.0,1.0,0.0,56.0,0.0,56.0,3.36,59.36,50089B2E-5344-48C5-BADA-412B76E777B2,37878210
09/19/2025 06:50 PM,Register 12,Hannah Bisk,SALE,*400000426327,*3701425601090,LBB MC Glossy Tights - 3 Blk,Hoisery,Panty Hose,Maison Close,560109,16.13,45.0,1.0,0.0,45.0,0.0,45.0,2.7,47.7,5BBB40C4-A7AB-4E49-BEDD-9C65BFE3617F,602870
09/19/2025 06:39 PM,Register 12,Hannah Bisk,SALE,*400000487175,*193773405179,LBB EL Cate Allure - 40J BLU,Bra,Underwire,Elomi,EL302405BLK/EL302405LAS,30.6,78.0,1.0,0.0,78.0,0.0,78.0,4.68,82.68,7C7E9857-959B-4AC3-B018-0CC938130644,76022714
09/19/2025 06:39 PM,Register 12,Hannah Bisk,SALE,*400000415123,*5052574853037,LBB CK Wonderfully  - 40J Blk Flr,Bra,FullCup,Curvy Kate,CTN48934/72898,32.3,81.0,1.0,0.0,81.0,0.0,81.0,4.86,85.86,7C7E9857-959B-4AC3-B018-0CC938130644,76022714
09/19/2025 06:39 PM,Register 12,Hannah Bisk,SALE,*400000475424,*193773252384,LBB EL Cate Allure - 40J BLK,Bra,Underwire,Elomi,EL302405BLK/EL302405LAS,31.09,79.0,1.0,0.0,79.0,0.0,79.0,4.74,83.74,7C7E9857-959B-4AC3-B018-0CC938130644,76022714
09/19/2025 06:39 PM,Register 12,Hannah Bisk,SALE,*400000106595,*666884100474,Euc Lingerie Wash Grapefruit 3.3oz - 3.3oz,Lingerie Wash,Lingerie Wash,Euclan,GSM,3.0,7.0,1.0,0.0,7.0,0.0,7.0,0.42,7.42,7C7E9857-959B-4AC3-B018-0CC938130644,76022714
09/19/2025 06:39 PM,Register 12,Hannah Bisk,SALE,*400000268323,*,LBB CK WonderFull  - 40J Black Full cup bra,Set,Set,Curvy Kate,,26.73,80.0,1.0,0.0,80.0,0.0,80.0,4.8,84.8,7C7E9857-959B-4AC3-B018-0CC938130644,76022714
09/19/2025 06:39 PM,Register 12,Hannah Bisk,SALE,*400000526829,*193773551951,LBB EL Matilda Plum - 40H Plum Bra,Bra and Panty Set,SET,Elomi,EL8900/EL8906,32.4,82.0,1.0,0.0,82.0,0.0,82.0,4.92,86.92,7C7E9857-959B-4AC3-B018-0CC938130644,76022714
09/19/2025 06:29 PM,Register 12,Hannah Bisk,SALE,*400000480022,*3546608836544,LBB SP Subtile  - 30G Blk,Bra,Moulded,Simone Perele,19Y316.739/19Y316.015,36.0,91.0,1.0,0.0,91.0,0.0,91.0,5.46,96.46,E2CD798F-186B-495F-838E-B712BB8E3025,76022649
09/19/2025 03:07 PM,Register 12,Ashley Harriet,SALE,*400000269467,*,LBB CAD Jillian Carmen Lace - MED BLK,Underwear,High Waist,Cadolle,,72.0,221.0,1.0,0.0,221.0,22.1,198.9,11.93,210.83,5080053E-425F-40D8-A969-D3D2C32E11C5,76021163
09/19/2025 02:48 PM,Register 12,Hannah Bisk,SALE,*400000514468,*886279329390,LBB FR Sonic Sports Bra - 30H STORM,Sports Bra,general,Freya,AC4892PLA/AA4892STM,33.3,85.0,1.0,0.0,85.0,0.0,85.0,5.1,90.1,4E724029-90DB-4B97-91B7-4A00553B1AF9,74996462
09/19/2025 02:48 PM,Register 12,Hannah Bisk,SALE,*400000480275,*3546608718055,LBB SP CARESSE Plunge - 30H Blk,Bra,Plunge,Simone Perele,12A316,52.0,131.0,1.0,0.0,131.0,0.0,131.0,7.86,138.86,4E724029-90DB-4B97-91B7-4A00553B1AF9,74996462
09/19/2025 02:48 PM,Register 12,Hannah Bisk,SALE,*400000480190,*3546608718130,LBB SP CARESSE Plunge - 30H nude,Bra,Plunge,Simone Perele,12A316,52.0,131.0,1.0,0.0,131.0,0.0,131.0,7.86,138.86,4E724029-90DB-4B97-91B7-4A00553B1AF9,74996462
09/19/2025 02:37 PM,Register 12,Hannah Bisk,SALE,*400000106601,*666884100382,Euc Lingerie Wash Eucalyptus 3.3oz - 3.3oz,Lingerie Wash,Lingerie Wash,Euclan,ESM,3.0,7.0,1.0,0.0,7.0,0.0,7.0,0.42,7.42,9E96946D-11A6-477A-A61D-AF667EBFFCA4,76020934
09/19/2025 02:37 PM,Register 12,Hannah Bisk,SALE,*400000447056,*3701425609683,LBB MC Cut and Curled back seam - 4,Hosiery,Stockings ,Maison Close,560972,19.35,50.0,1.0,0.0,50.0,0.0,50.0,3.0,53.0,9E96946D-11A6-477A-A61D-AF667EBFFCA4,76020934
09/19/2025 02:37 PM,Register 12,Hannah Bisk,SALE,*400000528106,*,LBB SAM Plunge Bodysuit - M Peacock Amour,Bodysuit,Bodysuit,Samantha Chang,,60.0,181.0,1.0,0.0,181.0,0.0,181.0,10.86,191.86,9E96946D-11A6-477A-A61D-AF667EBFFCA4,76020934
09/19/2025 02:37 PM,Register 12,Hannah Bisk,SALE,*400000425047,*3102062067926,LBB AU Dans Garter - L BLK,Lingerie,general,Aubade,OG50,43.57,131.0,1.0,0.0,131.0,0.0,131.0,7.86,138.86,9E96946D-11A6-477A-A61D-AF667EBFFCA4,76020934
09/19/2025 02:37 PM,Register 12,Hannah Bisk,SALE,*400000506579,*3102061733372,LBB AUB Dans Balc Blk - 34B B,Bra,Balconette,Aubade,OG14/OG14-02,61.18,232.0,1.0,0.0,232.0,0.0,232.0,13.92,245.92,9E96946D-11A6-477A-A61D-AF667EBFFCA4,76020934
09/19/2025 12:46 PM,Register 12,Hannah Bisk,SALE,*400000511207,*193773492322,LBB EL Nerina PL - 34GG Sahara,general,general,Elomi,EL302734SAH,32.4,82.0,1.0,0.0,82.0,0.0,82.0,4.92,86.92,231E9673-E38C-4DA6-9CDB-848AFA3D6F1D,76020020
09/19/2025 12:46 PM,Register 12,Hannah Bisk,SALE,*400000509754,*193773417745,temporarily-unavailable,Set,Bra and Panty,Elomi,EL302734COR/EL302753COR,32.4,82.0,1.0,0.0,82.0,0.0,82.0,4.92,86.92,231E9673-E38C-4DA6-9CDB-848AFA3D6F1D,76020020
09/19/2025 11:19 AM,Register 12,Hannah Bisk,SALE,*400000106588,*666884100627,Euc Lingerie Wash Unscented 3.3oz - 3.3oz,Lingerie Wash,Lingerie Wash,Euclan,NSM,3.0,7.0,1.0,0.0,7.0,0.0,7.0,0.42,7.42,3C80D6B8-12A8-4B4A-B2E6-FA13BB349546,76019450
09/19/2025 11:19 AM,Register 12,Hannah Bisk,SALE,*400000320991,*3546608615262,LBB SP Comete - 36H Pink Sand,Bra,Bra,Simone Perele,12S324/015/588/772/562,54.5,136.0,1.0,0.0,136.0,0.0,136.0,8.16,144.16,3C80D6B8-12A8-4B4A-B2E6-FA13BB349546,76019450
09/19/2025 11:19 AM,Register 12,Hannah Bisk,SALE,*400000321110,*3546608608004,LBB SP Comete - 36H Black,Bra,Bra,Simone Perele,12S324/015/588/772/562,54.5,136.0,1.0,0.0,136.0,0.0,136.0,8.16,144.16,3C80D6B8-12A8-4B4A-B2E6-FA13BB349546,76019450
09/18/2025 06:19 PM,Register 12,Hannah Bisk,SALE,*400000437927,*889501108497,LBB EL Smoothie - 36HH Sahara BRA,Bra,Moulded ,Elomi,4301,29.25,76.0,1.0,0.0,76.0,0.0,76.0,4.56,80.56,BDF176EE-A6EE-46A3-9F4D-F9ED360DBA59,76018047
09/18/2025 06:19 PM,Register 12,Hannah Bisk,SALE,*400000106601,*666884100382,Euc Lingerie Wash Eucalyptus 3.3oz - 3.3oz,Lingerie Wash,Lingerie Wash,Euclan,ESM,3.0,7.0,1.0,0.0,7.0,0.0,7.0,0.42,7.42,BDF176EE-A6EE-46A3-9F4D-F9ED360DBA59,76018047
09/18/2025 05:52 PM,Register 12,Hannah Bisk,SALE,*400000478722,*193773224206,LBB EL Matilda Red - 34H Bra,Set,Bra and Panty,Elomi,EL8900HAD/EL8906HAD,32.4,83.0,1.0,0.0,83.0,0.0,83.0,4.98,87.98,14E55A63-6592-4FB4-B75A-1056DDFBB8E2,72649883
09/18/2025 05:52 PM,Register 12,Hannah Bisk,SALE,*400000508580,*193773409177,LBB EL Lucie  - 34H Cosmo,Lingerie,Set,Elomi,El449,32.4,82.0,1.0,0.0,82.0,0.0,82.0,4.92,86.92,14E55A63-6592-4FB4-B75A-1056DDFBB8E2,72649883
09/18/2025 05:52 PM,Register 12,Hannah Bisk,SALE,*400000522470,*193773542508,LBB EL Kintai Fash - 34H BERRY Bra,Set,Bra and Panty,Elomi,EL301202/EL301251,30.6,78.0,1.0,0.0,78.0,0.0,78.0,4.68,82.68,14E55A63-6592-4FB4-B75A-1056DDFBB8E2,72649883
09/18/2025 05:52 PM,Register 12,Hannah Bisk,SALE,*400000511214,*193773492339,LBB EL Nerina PL - 34H Sahara,general,general,Elomi,EL302734SAH,32.4,82.0,1.0,0.0,82.0,0.0,82.0,4.92,86.92,14E55A63-6592-4FB4-B75A-1056DDFBB8E2,72649883
09/18/2025 03:33 PM,Register 12,Hannah Bisk,SALE,*400000524894,*9359999012503,LBB DVT Harlow - M PINOT Thong,Set,3 PC,Dita Von Tease,D59062/D23062/D46062,22.5,69.0,1.0,0.0,69.0,0.0,69.0,4.14,73.14,80F25580-12FB-452C-8351-13FAD4B126F7,76017035
09/18/2025 03:33 PM,Register 12,Hannah Bisk,SALE,*400000524719,*9359999012756,LBB DVT Harlow - 34E PINOT Bra,Set,3 PC,Dita Von Tease,D59062/D23062/D46062,42.75,130.0,1.0,0.0,130.0,0.0,130.0,7.8,137.8,80F25580-12FB-452C-8351-13FAD4B126F7,76017035
09/18/2025 03:33 PM,Register 12,Hannah Bisk,SALE,*400000521404,*3546608872160,LBB SP Precieuse - M BLK Tanga,Bra and Panty Set,SET,Simone Perele,1G3309.015/1G3710.15,31.5,96.0,1.0,0.0,96.0,0.0,96.0,5.76,101.76,80F25580-12FB-452C-8351-13FAD4B126F7,76017035
09/18/2025 03:33 PM,Register 12,Hannah Bisk,SALE,*400000521244,*3546608872641,LBB SP Precieuse - 34E BLK Bra,Bra and Panty Set,SET,Simone Perele,1G3309.015/1G3710.15,77.0,232.0,1.0,0.0,232.0,0.0,232.0,13.92,245.92,80F25580-12FB-452C-8351-13FAD4B126F7,76017035
09/18/2025 03:06 PM,Register 12,Hannah Bisk,SALE,*400000362793,*356608442523,LBB SP Andora Plunge  - 30F Black,Bra,Plunge,Simone Perele,"131316744,383,837,739",52.0,131.0,1.0,0.0,131.0,0.0,131.0,7.86,138.86,0EB503E6-28AE-4788-808C-C02D48343AB0,76016910
09/18/2025 03:03 PM,Register 12,Hannah Bisk,SALE,*400000479880,*3546608836827,LBB SP Subtile  - 32G Rose,Bra,Moulded,Simone Perele,19Y316.739/19Y316.015,36.0,91.0,1.0,0.0,91.0,0.0,91.0,5.46,96.46,FBD6563F-C4F6-4C7D-8012-E6678BFDA09B,70639511
09/18/2025 03:03 PM,Register 12,Hannah Bisk,SALE,*400000514000,*3102062394701,LBB AUB Sense Illusion - XL Red Tanga,SET,Bra and Panty Set,Aubade,5B52,39.17,118.0,1.0,0.0,118.0,0.0,118.0,7.08,125.08,FBD6563F-C4F6-4C7D-8012-E6678BFDA09B,70639511
09/18/2025 03:03 PM,Register 12,Hannah Bisk,SALE,*400000513362,*3012062395784,LBB AUB Sense Illusion - 34F Red Bra,SET,Bra and Panty Set,Aubade,5B52,68.22,206.0,1.0,0.0,206.0,0.0,206.0,12.36,218.36,FBD6563F-C4F6-4C7D-8012-E6678BFDA09B,70639511
09/18/2025 02:55 PM,Register 12,Hannah Bisk,SALE,*400000519432,*3102062399836,LBB AUB Rules Golden - 32D Bra,Set,Bra and Panty,Aubade,4B26/4B50/4B70/4BF12/4BF14,68.22,206.0,1.0,0.0,206.0,0.0,206.0,12.36,218.36,DC5E0EE9-B1B3-46E0-A62A-F633C0978684,76016836
09/18/2025 02:19 PM,Register 12,Hannah Bisk,SALE,*400000106533,*666884500472,Euc Lingerie Wash Grapefruit 16.9oz - 16.9,Lingerie Wash,Lingerie Wash,Euclan,GLG,8.0,21.0,1.0,0.0,21.0,0.0,21.0,1.26,22.26,9F316499-8DA1-4A48-95EB-FABAE2F26D8E,76016588
09/18/2025 02:19 PM,Register 12,Hannah Bisk,SALE,*400000513997,*3102062394695,LBB AUB Sense Illusion - LRG Red Tanga,SET,Bra and Panty Set,Aubade,5B52,39.17,118.0,1.0,0.0,118.0,0.0,118.0,7.08,125.08,9F316499-8DA1-4A48-95EB-FABAE2F26D8E,76016588
09/18/2025 02:19 PM,Register 12,Hannah Bisk,SALE,*400000513294,*3102062395494,LBB AUB Sense Illusion - 32D Red Bra,SET,Bra and Panty Set,Aubade,5B52,68.22,206.0,1.0,0.0,206.0,0.0,206.0,12.36,218.36,9F316499-8DA1-4A48-95EB-FABAE2F26D8E,76016588
09/18/2025 02:19 PM,Register 12,Hannah Bisk,SALE,*400000510934,*3340444101121,LBB CH Norah Chic - 32D Taupe,Bra,general,Chantelle,C16MNA ORG/C16MNA 011,40.32,122.0,1.0,0.0,122.0,0.0,122.0,7.32,129.32,9F316499-8DA1-4A48-95EB-FABAE2F26D8E,76016588
09/18/2025 01:15 PM,Register 12,Hannah Bisk,SALE,*400000486642,*193773415222,LBB EL MorganSG - 42G Bra,Set,Bra and Panty,Elomi,EL4110SUN,32.4,82.0,1.0,0.0,82.0,0.0,82.0,4.92,86.92,5458EEE2-A86F-4FF0-9BA8-C3D531B4EAD8,76016116
09/17/2025 06:50 PM,Register 12,Hannah Bisk,SALE,*400000244884,*841143157202,LBB OH Eyelash robe  - White L/XL,Robe,Robe,OH  La La Cheri,#94-11136,17.0,80.0,1.0,0.0,80.0,0.0,80.0,4.8,84.8,B81C396D-3E22-4B27-8618-6AEC28279024,76014207
09/17/2025 06:41 PM,Register 12,Hannah Bisk,SALE,*400000400631,*3701425609638,LBB MC Cut And Curled Doubled Seamed - 4 Black,general,general,Maison Close,560967,20.74,52.0,1.0,0.0,52.0,0.0,52.0,3.12,55.12,2A148CD2-22A8-4725-BCE6-8A05E8F95AC1,75760979
09/17/2025 06:41 PM,Register 12,Hannah Bisk,SALE,*400000249926,*5053596035258,LBB PP Highwaist - S BLK Bettie Page Overt,Underwear,High Waist,PlayFull Promises,UK/AU14/UK/AU10/BP016/UK/AU10,9.3,38.0,1.0,0.0,38.0,0.0,38.0,2.28,40.28,2A148CD2-22A8-4725-BCE6-8A05E8F95AC1,75760979
09/17/2025 06:41 PM,Register 12,Hannah Bisk,SALE,*400000386775,*9351301165099,LBB DVT Plume - Black Garter M,Set,Set,Dita Von Tease,D59040/23040/46040/47040,45.0,120.0,1.0,0.0,120.0,0.0,120.0,7.2,127.2,2A148CD2-22A8-4725-BCE6-8A05E8F95AC1,75760979
09/17/2025 06:41 PM,Register 12,Hannah Bisk,SALE,*400000343501,*5052574487164,LBB CK Superheroine Bandeau - 34F Black,Bra,Fashion,Curvy Kate,ST023116BLK/ST023219BLK,38.2,96.0,1.0,0.0,96.0,0.0,96.0,5.76,101.76,2A148CD2-22A8-4725-BCE6-8A05E8F95AC1,75760979
09/17/2025 06:41 PM,Register 12,Hannah Bisk,SALE,*400000151885,*,Misc Taxable,general,general,not tracked,,0.0,60.0,1.0,0.0,60.0,0.0,60.0,3.6,63.6,2A148CD2-22A8-4725-BCE6-8A05E8F95AC1,75760979
09/17/2025 06:35 PM,Register 12,Hannah Bisk,SALE,*400000399607,*310262034836,LBB AUB Danse Pink - XL Panty,Bar & Panty Set,general,Abuade,0G14-2-6/,30.37,91.0,1.0,0.0,91.0,18.2,72.8,4.37,77.17,D0079FFC-D153-453D-A20D-4916C56969F6,602870
09/17/2025 06:32 PM,Register 12,Hannah Bisk,SALE,*400000516974,*634881555962,LBB BDL Nara Teal - Small Bralette,Set,Set,Bordelle,ROABP18CLU,110.47,331.0,1.0,0.0,331.0,0.0,331.0,19.86,350.86,6C909501-A1BE-4F97-9049-B380D77302E6,76014118
09/17/2025 06:32 PM,Register 12,Hannah Bisk,SALE,*400000517100,*634881554118,LBB BDL Nara Teal - Medium Bond Thong,Set,Set,Bordelle,ROABP18CLU,102.05,306.0,1.0,0.0,306.0,0.0,306.0,18.36,324.36,6C909501-A1BE-4F97-9049-B380D77302E6,76014118
09/17/2025 05:00 PM,Register 12,Ashley Harriet,SALE,*400000151892,*,Shipping,general,general,not tracked,,0.0,9.99,1.0,0.0,9.99,0.0,9.99,0.0,9.99,394B7AB2-BB62-4E81-B22E-A3CD9275678B,74222757
09/17/2025 05:00 PM,Register 12,Ashley Harriet,SALE,*400000108346,*5052574534622,CK Victory Bra Nude 40K,Bra,Balcony,Curvy Kate,CK9001,26.9,70.0,3.0,0.0,210.0,0.0,210.0,12.6,222.6,394B7AB2-BB62-4E81-B22E-A3CD9275678B,74222757
09/17/2025 04:53 PM,Register 12,Ashley Harriet,SALE,*400000103747,*5052574533960,LBB CK Victory Bra - 30G Nude,Bra,Balcony,Curvy Kate,CK9001,30.45,77.0,1.0,0.0,77.0,0.0,77.0,4.62,81.62,35D88F5E-4B48-4143-8464-B229C24125BE,74222757
09/17/2025 04:53 PM,Register 12,Ashley Harriet,SALE,*400000371597,*,LBB AJ Capricieux - 32F Blue Bra,Bar & Panty Set,general,Ajour,BM7/C170/T8/BM183/C223/T89,53.0,212.0,1.0,0.0,212.0,0.0,212.0,12.72,224.72,35D88F5E-4B48-4143-8464-B229C24125BE,74222757
09/17/2025 04:53 PM,Register 12,Ashley Harriet,SALE,*400000525532,*5063420045865,LBB CK Stardust - 30G VIO Bra,Bra and Panty Set,SET,Curvy Kate,CK083100/CK083202,32.0,81.0,1.0,0.0,81.0,0.0,81.0,4.86,85.86,35D88F5E-4B48-4143-8464-B229C24125BE,74222757
09/17/2025 03:55 PM,Register 12,Hannah Bisk,SALE,*400000151892,*,Shipping,general,general,not tracked,,0.0,9.99,1.0,0.0,9.99,0.0,9.99,0.0,9.99,218578D5-E13C-403A-A1B0-7F9436E826DD,73701196
09/17/2025 03:55 PM,Register 12,Hannah Bisk,SALE,*400000526768,*193773551869,LBB EL Matilda Plum - 38J Plum Bra,Bra and Panty Set,SET,Elomi,EL8900/EL8906,32.4,82.0,1.0,0.0,82.0,0.0,82.0,4.92,86.92,218578D5-E13C-403A-A1B0-7F9436E826DD,73701196
09/17/2025 03:55 PM,Register 12,Hannah Bisk,SALE,*400000383552,*889500277101,LBB EL Energise Sports Bra - 38JJ,Sports Bra,general,Elomi,EL8041NAY,30.15,75.0,1.0,0.0,75.0,0.0,75.0,4.5,79.5,218578D5-E13C-403A-A1B0-7F9436E826DD,73701196
09/17/2025 03:55 PM,Register 12,Hannah Bisk,SALE,*400000522708,*193773542782,LBB EL Kintai Fash - 40J BERRY Bra,Set,Bra and Panty,Elomi,EL301202/EL301251,30.6,78.0,1.0,0.0,78.0,0.0,78.0,4.68,82.68,218578D5-E13C-403A-A1B0-7F9436E826DD,73701196
09/17/2025 02:07 PM,Register 12,Ashley Harriet,SALE,*400000327860,*3546608615200,LBB SP Comete - 34G Pink Sand,Bra,Bra,Simone Perele,12S324/015/588/772/562,54.5,136.0,1.0,0.0,136.0,0.0,136.0,8.16,144.16,F8C46D9C-7268-4F22-9A0C-E0D7622828BB,73798242
09/17/2025 02:07 PM,Register 12,Ashley Harriet,SALE,*400000502069,*3340444036744,LBB CH Norah Spacer - 34G BLSH,Bra,Moulded ,Chantelle,C13FN3,38.02,115.0,1.0,0.0,115.0,0.0,115.0,6.9,121.9,F8C46D9C-7268-4F22-9A0C-E0D7622828BB,73798242
09/17/2025 02:07 PM,Register 12,Ashley Harriet,SALE,*400000104492,*5052574534189,LBB CK Victory Bra - 34F Nude,Bra,Balcony,Curvy Kate,CK9001,30.45,77.0,1.0,0.0,77.0,0.0,77.0,4.62,81.62,F8C46D9C-7268-4F22-9A0C-E0D7622828BB,73798242
09/17/2025 11:20 AM,Register 12,Ashley Harriet,SALE,*400000526867,*193773551999,LBB EL Matilda Plum - 40K Plum Bra,Bra and Panty Set,SET,Elomi,EL8900/EL8906,32.4,82.0,1.0,0.0,82.0,0.0,82.0,4.92,86.92,40908A04-0113-4B5C-ADFD-D51697ACC7FF,18889748
09/16/2025 03:25 PM,Register 12,Stephanie  Jacek  -Owner,SALE,*400000328027,*3546608607946,LBB SP Comete - 34G Black,Bra,Bra,Simone Perele,12S324/015/588/772/562,54.5,136.0,1.0,0.0,136.0,0.0,136.0,8.16,144.16,7B374A5F-CAE6-4E63-A511-4C0E924FD768,73129386
09/16/2025 03:25 PM,Register 12,Stephanie  Jacek  -Owner,SALE,*400000511184,*193773492308,LBB EL Nerina PL - 34FF Sahara,general,general,Elomi,EL302734SAH,32.4,82.0,1.0,0.0,82.0,0.0,82.0,4.92,86.92,7B374A5F-CAE6-4E63-A511-4C0E924FD768,73129386
09/16/2025 03:25 PM,Register 12,Stephanie  Jacek  -Owner,SALE,*400000522371,*3340444146795,LBB CH Norah Violet - 34H,Bra,Bra,Chantelle,C13F10,39.36,119.0,1.0,0.0,119.0,0.0,119.0,7.14,126.14,7B374A5F-CAE6-4E63-A511-4C0E924FD768,73129386
09/16/2025 03:25 PM,Register 12,Stephanie  Jacek  -Owner,SALE,*400000525600,*506342,LBB CK Stardust - 34G VIO Bra,Bra and Panty Set,SET,Curvy Kate,CK083100/CK083202,32.0,81.0,1.0,0.0,81.0,0.0,81.0,4.86,85.86,7B374A5F-CAE6-4E63-A511-4C0E924FD768,73129386
09/16/2025 01:08 PM,Register 12,Stephanie  Jacek  -Owner,SALE,*400000348247,*3546608615064,LBB SP Comete - 30E Pink Sand,Bra,Bra,Simone Perele,12S324/015/588/772/562,54.5,136.0,1.0,0.0,136.0,0.0,136.0,8.16,144.16,D15CEE66-CC3B-4C18-BDE5-3D5EEEDD89DE,76008240
09/16/2025 01:08 PM,Register 12,Stephanie  Jacek  -Owner,SALE,*400000193380,*3546608153803,LBB SP Andora Bra - 30E BLUSH,Bra,moulded,Simone Perele,"131343015,383,717,837,739",50.0,126.0,1.0,0.0,126.0,0.0,126.0,7.56,133.56,D15CEE66-CC3B-4C18-BDE5-3D5EEEDD89DE,76008240
09/16/2025 01:08 PM,Register 12,Stephanie  Jacek  -Owner,SALE,*400000479811,*3546608836728,LBB SP Subtile  - 30E Rose,Bra,Moulded,Simone Perele,19Y316.739/19Y316.015,36.0,91.0,1.0,0.0,91.0,0.0,91.0,5.46,96.46,D15CEE66-CC3B-4C18-BDE5-3D5EEEDD89DE,76008240
09/16/2025 12:21 PM,Register 12,Stephanie  Jacek  -Owner,SALE,*400000437309,*5052574898656,LBB CK Stand Out  - 2XL Multi,Bra and Panty Set,SET,Curvy Kate,CK049115/049200,15.0,39.0,1.0,0.0,39.0,9.75,29.25,1.76,31.01,F1188902-A257-436B-8F8E-C94537145D7A,602870
09/15/2025 01:55 PM,Register 12,Stephanie  Jacek  -Owner,SALE,*400000383576,*889500211112,LBB EL Energise Sports Bra - 40FF,Sports Bra,general,Elomi,EL8041NAY,30.15,75.0,1.0,0.0,75.0,0.0,75.0,4.5,79.5,4879FE0B-5628-4F21-819B-1C7595425E5A,602870
09/15/2025 01:55 PM,Register 12,Stephanie  Jacek  -Owner,SALE,*400000487137,*193773405131,LBB EL Cate Allure - 40G BLU,Bra,Underwire,Elomi,EL302405BLK/EL302405LAS,30.6,78.0,1.0,0.0,78.0,0.0,78.0,4.68,82.68,4879FE0B-5628-4F21-819B-1C7595425E5A,602870
09/15/2025 01:55 PM,Register 12,Stephanie  Jacek  -Owner,SALE,*400000475394,*193773252353,LBB EL Cate Allure - 40GG BLK,Bra,Underwire,Elomi,EL302405BLK/EL302405LAS,31.09,79.0,1.0,0.0,79.0,0.0,79.0,4.74,83.74,4879FE0B-5628-4F21-819B-1C7595425E5A,602870
09/15/2025 01:55 PM,Register 12,Stephanie  Jacek  -Owner,SALE,*400000511351,*193773492636,LBB EL Nerina PL - 40H Sahara,general,general,Elomi,EL302734SAH,32.4,82.0,1.0,0.0,82.0,0.0,82.0,4.92,86.92,4879FE0B-5628-4F21-819B-1C7595425E5A,602870
09/15/2025 01:55 PM,Register 12,Stephanie  Jacek  -Owner,SALE,*400000521596,*193773550060,LBB EL Smoothie Em - 40GG GRN,Bra,Full Coverage,Elomi,EL4301DPE,29.25,76.0,1.0,0.0,76.0,0.0,76.0,4.56,80.56,4879FE0B-5628-4F21-819B-1C7595425E5A,602870
09/15/2025 01:51 PM,Register 12,Stephanie  Jacek  -Owner,SALE,*400000321110,*3546608608004,LBB SP Comete - 36H Black,Bra,Bra,Simone Perele,12S324/015/588/772/562,54.5,136.0,1.0,0.0,136.0,0.0,136.0,8.16,144.16,518183A5-C949-41C8-B93B-843668075D7C,62257466
09/15/2025 01:51 PM,Register 12,Stephanie  Jacek  -Owner,SALE,*400000525655,*5063420046152,LBB CK Stardust - 36GG VIO Bra,Bra and Panty Set,SET,Curvy Kate,CK083100/CK083202,32.0,81.0,1.0,0.0,81.0,0.0,81.0,4.86,85.86,518183A5-C949-41C8-B93B-843668075D7C,62257466
09/15/2025 01:51 PM,Register 12,Stephanie  Jacek  -Owner,SALE,*400000443775,*3546608503804,LBB SP Caresse - 36G rose,Bra,Strapless,Simone Perele,12A300739,31.5,112.0,1.0,0.0,112.0,0.0,112.0,6.72,118.72,518183A5-C949-41C8-B93B-843668075D7C,62257466
09/15/2025 01:51 PM,Register 12,Stephanie  Jacek  -Owner,SALE,*400000106533,*666884500472,Euc Lingerie Wash Grapefruit 16.9oz - 16.9,Lingerie Wash,Lingerie Wash,Euclan,GLG,8.0,21.0,1.0,0.0,21.0,0.0,21.0,1.26,22.26,518183A5-C949-41C8-B93B-843668075D7C,62257466
09/14/2025 05:51 PM,Register 12,Hannah Bisk,SALE,*400000526102,*193773546025,LBB EL Nerina Fash - 32G ROUGE Bra,Bra and Panty Set,SET,Elomi,EL302734/EL302753,32.4,82.0,1.0,0.0,82.0,0.0,82.0,4.92,86.92,D3FAF574-E9F9-46A9-88E6-AB4ABD6804AB,76003079
09/14/2025 05:51 PM,Register 12,Hannah Bisk,SALE,*400000509716,*193773417660,temporarily-unavailable,Set,Bra and Panty,Elomi,EL302734COR/EL302753COR,32.4,82.0,1.0,0.0,82.0,0.0,82.0,4.92,86.92,D3FAF574-E9F9-46A9-88E6-AB4ABD6804AB,76003079
09/14/2025 05:48 PM,Register 12,Hannah Bisk,SALE,*400000516257,*193773544335,LBB EL Zarla Saph - XL Sapphire,Bra,set,Elomi,EL302505SAR,14.85,39.0,1.0,0.0,39.0,0.0,39.0,2.34,41.34,936B1681-1429-4C1E-A445-3A801546CA9C,76003050
09/14/2025 05:48 PM,Register 12,Hannah Bisk,SALE,*400000516103,*193773543963,LBB EL Zarla Saph - 38G Sapphire,Bra,set,Elomi,EL302505SAR,32.4,85.0,1.0,0.0,85.0,0.0,85.0,5.1,90.1,936B1681-1429-4C1E-A445-3A801546CA9C,76003050
09/14/2025 05:48 PM,Register 12,Hannah Bisk,SALE,*400000526546,*193773546650,LBB EL Nerina Fash - XL ROUGE Brief,Bra and Panty Set,SET,Elomi,EL302734/EL302753,13.5,35.0,1.0,0.0,35.0,0.0,35.0,2.1,37.1,936B1681-1429-4C1E-A445-3A801546CA9C,76003050
09/14/2025 05:48 PM,Register 12,Hannah Bisk,SALE,*400000526188,*193773546308,LBB EL Nerina Fash - 38G ROUGE Bra,Bra and Panty Set,SET,Elomi,EL302734/EL302753,32.4,82.0,1.0,0.0,82.0,0.0,82.0,4.92,86.92,936B1681-1429-4C1E-A445-3A801546CA9C,76003050
09/14/2025 05:02 PM,Register 12,Hannah Bisk,SALE,*400000522739,*193773542843,LBB EL Kintai Fash - 42GG BERRY Bra,Set,Bra and Panty,Elomi,EL301202/EL301251,30.6,78.0,1.0,0.0,78.0,0.0,78.0,4.68,82.68,21AA61A1-D774-469A-AC6B-346A7FD39160,73561328
09/14/2025 05:02 PM,Register 12,Hannah Bisk,SALE,*400000526898,*193773552057,LBB EL Matilda Plum - 42GG Plum Bra,Bra and Panty Set,SET,Elomi,EL8900/EL8906,32.4,82.0,1.0,0.0,82.0,0.0,82.0,4.92,86.92,21AA61A1-D774-469A-AC6B-346A7FD39160,73561328
09/14/2025 03:52 PM,Register 12,Hannah Bisk,SALE,*400000386027,*3546600276836,LBB SP Andora Bra - 34C BLK,Bra,moulded,Simone Perele,"131343015,383,717,837,739",50.0,126.0,1.0,0.0,126.0,0.0,126.0,7.56,133.56,ABA696C7-B3FC-4D45-8EC9-B4A3945C32B9,76002569
09/14/2025 03:52 PM,Register 12,Hannah Bisk,SALE,*400000193458,*3546608439653,LBB SP Andora Bra - 32D NUDE,Bra,moulded,Simone Perele,"131343015,383,717,837,739",50.0,126.0,1.0,0.0,126.0,0.0,126.0,7.56,133.56,ABA696C7-B3FC-4D45-8EC9-B4A3945C32B9,76002569
09/14/2025 03:52 PM,Register 12,Hannah Bisk,SALE,*400000311210,*887934623396,LBB ML La Petite Bodysuit - M Navy,Bodysuit,General,Maison Lejaby,191077,50.85,133.0,1.0,0.0,133.0,0.0,133.0,7.98,140.98,ABA696C7-B3FC-4D45-8EC9-B4A3945C32B9,76002569
09/14/2025 03:52 PM,Register 12,Hannah Bisk,SALE,*400000520650,*3102062415307,LBB AUB Danse Mulb - M Tanga,Daywear,general,Aubade,,30.37,93.0,1.0,0.0,93.0,0.0,93.0,5.58,98.58,ABA696C7-B3FC-4D45-8EC9-B4A3945C32B9,76002569
09/14/2025 03:52 PM,Register 12,Hannah Bisk,SALE,*400000520384,*3102062415154,LBB AUB Danse Mulb - 32D Bra,Daywear,general,Aubade,,61.18,185.0,1.0,0.0,185.0,0.0,185.0,11.1,196.1,ABA696C7-B3FC-4D45-8EC9-B4A3945C32B9,76002569
09/14/2025 03:52 PM,Register 12,Hannah Bisk,SALE,*400000356075,*3701546904117,LBB CT Fouqueuse - 32D Noir Body,Bra and Panty Set,general,Maison Lejaby,T220233/T220260/T220271/T220253,68.0,204.0,1.0,0.0,204.0,0.0,204.0,12.24,216.24,ABA696C7-B3FC-4D45-8EC9-B4A3945C32B9,76002569
09/14/2025 03:36 PM,Register 12,Hannah Bisk,SALE,*400000520810,*3102062415444,LBB AUB Danse Mulb - M Brief,Daywear,general,Aubade,,39.17,119.0,1.0,0.0,119.0,11.9,107.1,6.43,113.53,02246161-D6E8-4BDA-A580-2605259933E0,76002466
09/14/2025 03:36 PM,Register 12,Hannah Bisk,SALE,*400000520360,*3102062415017,LBB AUB Danse Mulb - 32B Bra,Daywear,general,Aubade,,61.18,185.0,1.0,0.0,185.0,18.5,166.5,9.99,176.49,02246161-D6E8-4BDA-A580-2605259933E0,76002466
09/14/2025 02:55 PM,Register 12,Hannah Bisk,SALE,*400000522364,*3340444146788,LBB CH Norah Violet - 32H,Bra,Bra,Chantelle,C13F10,39.36,119.0,1.0,0.0,119.0,0.0,119.0,7.14,126.14,2997747F-D40E-4AFD-9259-9D6DD5AC83F9,18112978
09/14/2025 02:55 PM,Register 12,Hannah Bisk,SALE,*400000515113,*3340443574575,LBB CH Norah Flex - 32H Rose,Bra,Full Coverage,Chantelle,C16M10,40.32,122.0,1.0,0.0,122.0,0.0,122.0,7.32,129.32,2997747F-D40E-4AFD-9259-9D6DD5AC83F9,18112978
09/14/2025 02:55 PM,Register 12,Hannah Bisk,SALE,*400000469485,*,LBB CH Norah - 32H Blush,Bra,general,Chantelle,C13F10-011/-02T,0.0,119.0,1.0,0.0,119.0,0.0,119.0,7.14,126.14,2997747F-D40E-4AFD-9259-9D6DD5AC83F9,18112978
09/14/2025 02:43 PM,Register 12,Hannah Bisk,SALE,*400000501222,*5063420000130,LBB SC Opulence - S Purple,Body,general,Scantilly,CK1218,41.85,114.0,1.0,0.0,114.0,0.0,114.0,6.84,120.84,91DF2CFD-7027-4D67-9D48-1A87FB578AEB,76002230
09/14/2025 02:01 PM,Register 12,Hannah Bisk,SALE,*400000327853,*3546608615156,LBB SP Comete - 34F Pink Sand,Bra,Bra,Simone Perele,12S324/015/588/772/562,54.5,136.0,1.0,0.0,136.0,13.6,122.4,7.34,129.74,B067CCBB-B6DD-4D75-9587-479DC6C763C1,76001985
09/14/2025 02:01 PM,Register 12,Hannah Bisk,SALE,*400000407937,*3102062034119,LBB AUB Les Bodys - LG,Body,general,Abuade,1M84-3,103.43,310.0,1.0,0.0,310.0,31.0,279.0,16.74,295.74,B067CCBB-B6DD-4D75-9587-479DC6C763C1,76001985
09/14/2025 02:01 PM,Register 12,Hannah Bisk,SALE,*400000248585,*9002593169622,LBB ESC Rose Body  - XL Blk Body,Body,general,Escora,3854/E269/744,58.0,252.0,1.0,0.0,252.0,25.2,226.8,13.61,240.41,B067CCBB-B6DD-4D75-9587-479DC6C763C1,76001985
09/14/2025 02:01 PM,Register 12,Hannah Bisk,SALE,*400000519760,*9359999014569,LBB DVT Floradora - SUSP M BLK,Set,3 PC,Dita Von Tease,D59070/D23070/D46070,36.0,109.0,1.0,0.0,109.0,10.9,98.1,5.89,103.99,B067CCBB-B6DD-4D75-9587-479DC6C763C1,76001985
09/14/2025 02:01 PM,Register 12,Hannah Bisk,SALE,*400000519746,*9359999014521,LBB DVT Floradora - L BLK,Set,3 PC,Dita Von Tease,D59070/D23070/D46070,18.0,55.0,1.0,0.0,55.0,5.5,49.5,2.97,52.47,B067CCBB-B6DD-4D75-9587-479DC6C763C1,76001985
09/14/2025 02:01 PM,Register 12,Hannah Bisk,SALE,*400000519715,*9359999014804,LBB DVT Floradora - 36E BLK,Set,3 PC,Dita Von Tease,D59070/D23070/D46070,36.0,109.0,1.0,0.0,109.0,10.9,98.1,5.89,103.99,B067CCBB-B6DD-4D75-9587-479DC6C763C1,76001985
09/14/2025 02:01 PM,Register 12,Hannah Bisk,SALE,*400000079943,*3700436058312,LBB MC 20 deniers BLK - 4 Blk,Hosiery,Thigh High,Maison Close,605828,12.0,39.0,1.0,0.0,39.0,3.9,35.1,2.11,37.21,B067CCBB-B6DD-4D75-9587-479DC6C763C1,76001985
09/14/2025 01:51 PM,Register 12,Hannah Bisk,SALE,*400000327792,*3546608615132,LBB SP Comete - 30F Pink Sand,Bra,Bra,Simone Perele,12S324/015/588/772/562,54.5,136.0,1.0,0.0,136.0,0.0,136.0,8.16,144.16,6AD9D726-79E6-43EE-B7E4-F47760DA36FF,76001945
09/14/2025 01:51 PM,Register 12,Hannah Bisk,SALE,*400000103730,*5052574518776,LBB CK Victory Bra - 30F Nude,Bra,Balcony,Curvy Kate,CK9001,30.45,77.0,1.0,0.0,77.0,0.0,77.0,4.62,81.62,6AD9D726-79E6-43EE-B7E4-F47760DA36FF,76001945
09/13/2025 06:43 PM,Register 12,Hannah Bisk,SALE,*400000479545,*889501542536,LBB EL Smoothie - 32H Clove BRA,Bra,Moulded ,Elomi,4301,29.25,76.0,1.0,0.0,76.0,0.0,76.0,4.56,80.56,06888713-5BB0-407A-A375-EBBD93961034,61019165
09/13/2025 06:43 PM,Register 12,Hannah Bisk,SALE,*400000522432,*193773542454,LBB EL Kintai Fash - 32HH BERRY Bra,Set,Bra and Panty,Elomi,EL301202/EL301251,30.6,78.0,1.0,0.0,78.0,0.0,78.0,4.68,82.68,06888713-5BB0-407A-A375-EBBD93961034,61019165
09/13/2025 05:26 PM,Register 12,Ashley Harriet,SALE,*400000525136,*5063420054508,LBB CK SC Icon  - 34F LEP,Bodysuit,Bodysuit,Scantilly,ST031704,54.1,148.0,1.0,0.0,148.0,0.0,148.0,8.88,156.88,4E9D7872-4DD9-40C6-9B35-6C14D785BE13,69889044
09/13/2025 05:26 PM,Register 12,Ashley Harriet,SALE,*400000480107,*3546608836520,LBB SP Subtile  - 34F Blk,Bra,Moulded,Simone Perele,19Y316.739/19Y316.015,36.0,91.0,1.0,0.0,91.0,0.0,91.0,5.46,96.46,4E9D7872-4DD9-40C6-9B35-6C14D785BE13,69889044
09/13/2025 05:26 PM,Register 12,Ashley Harriet,SALE,*400000299600,*,LBB SP Andora Bra - 34F BLUSH,Bra,moulded,Simone Perele,"131343015,383,717,837,739",50.0,126.0,1.0,0.0,126.0,0.0,126.0,7.56,133.56,4E9D7872-4DD9-40C6-9B35-6C14D785BE13,69889044
09/13/2025 05:09 PM,Register 12,Ashley Harriet,SALE,*400000106557,*666884334275,Euc Lingerie Wash Eucalyptus 16.9oz - 16.9,Lingerie Wash,Lingerie Wash,Euclan,ESM,8.0,21.0,1.0,0.0,21.0,0.0,21.0,1.26,22.26,B6074259-7BE0-403C-A1A8-BEE27A2CB2E1,33527022
09/13/2025 05:09 PM,Register 12,Ashley Harriet,SALE,*400000518084,*3340443823413,LBB CH Norah Chic - 32B Black,Bra,general,Chantelle,C16MNA ORG/C16MNA 011,40.32,122.0,1.0,0.0,122.0,0.0,122.0,7.32,129.32,B6074259-7BE0-403C-A1A8-BEE27A2CB2E1,33527022
09/13/2025 04:13 PM,Register 12,Ashley Harriet,SALE,*400000501949,*3340444036652,LBB CH Norah Spacer - 30F BLSH,Bra,Moulded ,Chantelle,C13FN3,38.02,115.0,1.0,0.0,115.0,0.0,115.0,6.9,121.9,E1225B79-E142-4BB9-87B1-8AA640DF52C4,75693858
09/13/2025 04:01 PM,Register 12,Hannah Bisk,SALE,*400000480114,*3546608836568,LBB SP Subtile  - 34G Blk,Bra,Moulded,Simone Perele,19Y316.739/19Y316.015,36.0,91.0,1.0,0.0,91.0,0.0,91.0,5.46,96.46,4B3B5778-A329-4038-9E1D-FD99F0624CFB,75998838
09/13/2025 04:01 PM,Register 12,Hannah Bisk,SALE,*400000480305,*3546608219484,LBB SP CARESSE Plunge - 34F nude,Bra,Plunge,Simone Perele,12A316,52.0,131.0,1.0,0.0,131.0,0.0,131.0,7.86,138.86,4B3B5778-A329-4038-9E1D-FD99F0624CFB,75998838
09/13/2025 04:01 PM,Register 12,Hannah Bisk,SALE,*400000520018,*3546608856955,LBB SP Comete - 34G Plum,Bra,Bra,Simone Perele,12S324/015/588/772/562,54.5,136.0,1.0,0.0,136.0,0.0,136.0,8.16,144.16,4B3B5778-A329-4038-9E1D-FD99F0624CFB,75998838
09/13/2025 02:41 PM,Register 12,Ashley Harriet,SALE,*400000151885,*,Misc Taxable,general,general,not tracked,,0.0,125.0,1.0,0.0,125.0,0.0,125.0,7.5,132.5,8DD60FF1-ADDE-4790-8BE2-941EC6061661,602870
09/13/2025 02:41 PM,Register 12,Ashley Harriet,SALE,*400000519623,*3340444011451,LBB CH Maris - 30G Nude,Bra,Full Cup,Chantelle,C16IMV-01N,47.04,120.0,1.0,0.0,120.0,0.0,120.0,7.2,127.2,8DD60FF1-ADDE-4790-8BE2-941EC6061661,602870
09/13/2025 01:45 PM,Register 12,Hannah Bisk,SALE,*400000465913,*,LBB CH Norah - 34E Blush,Bra,general,Chantelle,C13F10-011/-02T,39.36,119.0,1.0,0.0,119.0,0.0,119.0,7.14,126.14,74F5B706-90AE-45D1-B5DE-78BD8DC14882,75997427
09/13/2025 01:45 PM,Register 12,Hannah Bisk,SALE,*400000509655,*3340444140175,LBB CH Norah Gardenia - 36D,Bra,Balconet,Chantelle,C13F10-002,39.36,119.0,1.0,0.0,119.0,0.0,119.0,7.14,126.14,74F5B706-90AE-45D1-B5DE-78BD8DC14882,75997427
09/13/2025 01:45 PM,Register 12,Hannah Bisk,SALE,*400000522241,*3340444146627,LBB CH Norah Violet - 34E,Bra,Bra,Chantelle,C13F10,39.36,119.0,1.0,0.0,119.0,0.0,119.0,7.14,126.14,74F5B706-90AE-45D1-B5DE-78BD8DC14882,75997427
09/13/2025 01:40 PM,Register 12,Ashley Harriet,SALE,*400000343532,*5052574488406,LBB CK Superheroine Bandeau - 34HH Black,Bra,Fashion,Curvy Kate,ST023116BLK/ST023219BLK,38.2,96.0,1.0,0.0,96.0,0.0,96.0,5.76,101.76,6A54FBB3-3DE7-486A-94ED-41E93EABE3FA,75997354
09/13/2025 01:40 PM,Register 12,Ashley Harriet,SALE,*400000214191,*5052574724511,LBB CK Black Magic - LRG Blk Brief,general,general,Curvy Kate,CTN26118,20.45,51.0,1.0,0.0,51.0,0.0,51.0,3.06,54.06,6A54FBB3-3DE7-486A-94ED-41E93EABE3FA,75997354
09/13/2025 01:40 PM,Register 12,Ashley Harriet,SALE,*400000522463,*193773542485,LBB EL Kintai Fash - 34G BERRY Bra,Set,Bra and Panty,Elomi,EL301202/EL301251,30.6,78.0,1.0,0.0,78.0,0.0,78.0,4.68,82.68,6A54FBB3-3DE7-486A-94ED-41E93EABE3FA,75997354
09/13/2025 01:40 PM,Register 12,Ashley Harriet,SALE,*400000285788,*,LBB SC Buckle up - 34H Bra,Set,Bra and Panty,Scantilly,CTN39146,38.86,105.0,1.0,0.0,105.0,0.0,105.0,6.3,111.3,6A54FBB3-3DE7-486A-94ED-41E93EABE3FA,75997354
09/13/2025 01:16 PM,Register 12,Hannah Bisk,SALE,*400000497266,*5052574924201,LBB CK Smoothie Spacer - 30GG Nude,Bra,moulded,Curvy Kate,CK072104,33.65,87.0,1.0,0.0,87.0,0.0,87.0,5.22,92.22,9D9C2062-A21D-4CE6-A72A-3337B294C246,75997151
09/13/2025 01:14 PM,Register 12,Hannah Bisk,SALE,*400000327815,*3546608615231,LBB SP Comete - 30H Pink Sand,Bra,Bra,Simone Perele,12S324/015/588/772/562,54.5,136.0,1.0,0.0,136.0,0.0,136.0,8.16,144.16,BF9EB219-21A1-492F-96AA-690B867247C8,75997119
09/13/2025 01:14 PM,Register 12,Hannah Bisk,SALE,*400000104379,*5052574533984,LBB CK Victory Bra - 30H Nude,Bra,Balcony,Curvy Kate,CK9001,30.45,77.0,1.0,0.0,77.0,0.0,77.0,4.62,81.62,BF9EB219-21A1-492F-96AA-690B867247C8,75997119
09/13/2025 01:14 PM,Register 12,Hannah Bisk,SALE,*400000525129,*5063420054447,LBB CK SC Icon  - 32G LEP,Bodysuit,Bodysuit,Scantilly,ST031704,54.1,148.0,1.0,0.0,148.0,0.0,148.0,8.88,156.88,BF9EB219-21A1-492F-96AA-690B867247C8,75997119
09/13/2025 01:14 PM,Register 12,Hannah Bisk,SALE,*400000514482,*886279329352,LBB FR Sonic Sports Bra - 32GG STORM,Sports Bra,general,Freya,AC4892PLA/AA4892STM,33.3,85.0,1.0,0.0,85.0,0.0,85.0,5.1,90.1,BF9EB219-21A1-492F-96AA-690B867247C8,75997119
09/13/2025 12:47 PM,Register 12,Hannah Bisk,SALE,*400000525617,*5063420046053,LBB CK Stardust - 34GG VIO Bra,Bra and Panty Set,SET,Curvy Kate,CK083100/CK083202,32.0,81.0,1.0,0.0,81.0,0.0,81.0,4.86,85.86,41D3A802-FC58-4AE6-A355-254E19FD1914,68089880
09/13/2025 12:47 PM,Register 12,Hannah Bisk,SALE,*400000327860,*3546608615200,LBB SP Comete - 34G Pink Sand,Bra,Bra,Simone Perele,12S324/015/588/772/562,54.5,136.0,1.0,0.0,136.0,0.0,136.0,8.16,144.16,41D3A802-FC58-4AE6-A355-254E19FD1914,68089880
09/13/2025 12:42 PM,Register 12,Hannah Bisk,SALE,*400000523774,*3102062392745,LBB AUB Sheer Emo BLK - M Shorty,Set,Bra and Panty,Aubade,4M10/4M26/4M70/4MF12/4MF14,33.01,100.0,1.0,0.0,100.0,0.0,100.0,6.0,106.0,16D9BC0F-49AD-481B-A824-4758492D9D26,69435235
09/13/2025 12:42 PM,Register 12,Hannah Bisk,SALE,*400000523200,*3102062393506,LBB AUB Sheer Emo BLK - 32F Bra,Set,Bra and Panty,Aubade,4M10/4M26/4M70/4MF12/4MF14,55.02,166.0,1.0,0.0,166.0,0.0,166.0,9.96,175.96,16D9BC0F-49AD-481B-A824-4758492D9D26,69435235
09/13/2025 12:42 PM,Register 12,Hannah Bisk,SALE,*400000512136,*3102062405230,LBB AUB Vibe Fash - 34E Denim Bra,Set,3 PC,Aubade,2BF14/2BN13G,68.22,206.0,1.0,0.0,206.0,0.0,206.0,12.36,218.36,16D9BC0F-49AD-481B-A824-4758492D9D26,69435235
09/12/2025 04:38 PM,Register 12,Hannah Bisk,SALE,*400000079509,*610395889144,AD Sporty Tanga Navy/Grey - Large Navy/Grey,Underwear,Tanga,Addiction,ADFSP32,22.0,55.0,1.0,0.0,55.0,13.75,41.25,2.48,43.73,64E32A25-51A6-425A-A38C-0B96AAB4934E,75059770
09/12/2025 04:38 PM,Register 12,Hannah Bisk,SALE,*400000289816,*5052574138929,LBB SC Sex Ed  - L Teal Panty,Set,Bra and Panty,Curvy Kate,CTN40637,18.0,50.0,1.0,0.0,50.0,10.0,40.0,2.4,42.4,64E32A25-51A6-425A-A38C-0B96AAB4934E,75059770
09/12/2025 04:31 PM,Register 12,Hannah Bisk,SALE,*400000459202,*3340443823628,LBB CH Norah Chic - 30G Black,Bra,general,Chantelle,C16MNA ORG/C16MNA 011,40.32,122.0,1.0,0.0,122.0,0.0,122.0,7.32,129.32,FC46FCD4-38F9-4DDE-B9A6-832A87CC928C,75993824
09/12/2025 04:31 PM,Register 12,Hannah Bisk,SALE,*400000308784,*3546608642848,LBB SP Strapless - 32F BLK,Bra,Strapless,Simone Perele,118302.015/13V303,40.5,102.0,1.0,0.0,102.0,0.0,102.0,6.12,108.12,FC46FCD4-38F9-4DDE-B9A6-832A87CC928C,75993824
09/12/2025 03:53 PM,Register 12,Ashley Harriet,SALE,*400000515397,*3340443601608,LBB CH Comfort Seamless - 34G Rose,Bra,Minimizer,Chantelle,C18J20,39.36,122.0,1.0,0.0,122.0,0.0,122.0,7.32,129.32,52FDC7FC-7290-42D3-AE52-5D196859998A,75993557
09/12/2025 03:48 PM,Register 12,Ashley Harriet,SALE,*400000447414,*2100103611337,LBB AJ Capranica - S vanilla thongs,Set,set,Ajour,BM5/ C173,22.0,89.0,1.0,0.0,89.0,0.0,89.0,5.34,94.34,E34344CD-85A3-4119-AAC5-2BF69640616D,602870
09/12/2025 03:48 PM,Register 12,Ashley Harriet,SALE,*400000447124,*2100103611481,LBB AJ Capranica - 32C vanilla bra,Set,set,Ajour,BM5/ C173,35.0,141.0,1.0,0.0,141.0,0.0,141.0,8.46,149.46,E34344CD-85A3-4119-AAC5-2BF69640616D,602870
09/11/2025 04:43 PM,Register 12,Hannah Bisk,SALE,*400000106557,*666884334275,Euc Lingerie Wash Eucalyptus 16.9oz - 16.9,Lingerie Wash,Lingerie Wash,Euclan,ESM,8.0,21.0,1.0,0.0,21.0,0.0,21.0,1.26,22.26,C414F8CD-85EA-4D78-9AF7-6EE6B7CDA914,75989653
09/11/2025 04:43 PM,Register 12,Hannah Bisk,SALE,*400000383347,*886279329147,LBB FR Sonic Sports Bra - 34G STORM,Sports Bra,general,Freya,AC4892PLA/AA4892STM,33.3,85.0,1.0,0.0,85.0,0.0,85.0,5.1,90.1,C414F8CD-85EA-4D78-9AF7-6EE6B7CDA914,75989653
09/11/2025 04:43 PM,Register 12,Hannah Bisk,SALE,*400000466521,*5052574924300,LBB CK Smoothie Spacer - 32H Nude,Bra,moulded,Curvy Kate,CK072104,33.65,87.0,1.0,0.0,87.0,0.0,87.0,5.22,92.22,C414F8CD-85EA-4D78-9AF7-6EE6B7CDA914,75989653
09/11/2025 04:43 PM,Register 12,Hannah Bisk,SALE,*400000522418,*193773542447,LBB EL Kintai Fash - 32H BERRY Bra,Set,Bra and Panty,Elomi,EL301202/EL301251,30.6,78.0,1.0,0.0,78.0,0.0,78.0,4.68,82.68,C414F8CD-85EA-4D78-9AF7-6EE6B7CDA914,75989653
09/11/2025 04:43 PM,Register 12,Hannah Bisk,SALE,*400000522968,*193773542959,LBB EL Kintai Fash - M BERRY Brief,Set,Bra and Panty,Elomi,EL301202/EL301251,14.85,39.0,1.0,0.0,39.0,0.0,39.0,2.34,41.34,C414F8CD-85EA-4D78-9AF7-6EE6B7CDA914,75989653
09/11/2025 12:18 PM,Register 12,Hannah Bisk,SALE,*400000190679,*5052574691066,LBB Surrender Emerald - M,SET,Bra and Panty Set,Curvy Kate,ST2401,21.4,53.0,1.0,0.0,53.0,13.25,39.75,2.39,42.14,83E37A35-7FF0-4CC9-95AD-50A4E94CABB6,73088154
09/10/2025 07:01 PM,Register 12,Hannah Bisk,SALE,*400000316994,*5052574157616,LBB CK Lifestyle Zebra - 36G,Set,Bra and Panty,Curvy Kate,CK5711/5703,24.57,70.0,1.0,0.0,70.0,14.0,56.0,3.36,59.36,9562A209-490F-4026-BEA2-9A514B8705CF,75986284
09/10/2025 07:01 PM,Register 12,Hannah Bisk,SALE,*400000526157,*193773546209,LBB EL Nerina Fash - 36G ROUGE Bra,Bra and Panty Set,SET,Elomi,EL302734/EL302753,32.4,82.0,1.0,0.0,82.0,16.4,65.6,3.94,69.54,9562A209-490F-4026-BEA2-9A514B8705CF,75986284
09/10/2025 07:01 PM,Register 12,Hannah Bisk,SALE,*400000317113,*5052574157210,LBB CK Lifestyle Zebra - XL,Set,Bra and Panty,Curvy Kate,CK5711/5703,13.5,35.0,1.0,0.0,35.0,7.0,28.0,1.68,29.68,9562A209-490F-4026-BEA2-9A514B8705CF,75986284
09/10/2025 06:17 PM,Register 12,Hannah Bisk,SALE,*400000515960,*193773543697,LBB EL Zarla Saph - 32G Sapphire,Bra,set,Elomi,EL302505SAR,32.4,85.0,1.0,0.0,85.0,0.0,85.0,5.1,90.1,D5032A23-3E88-447A-BAC6-EA07A8869D85,75986080
09/10/2025 06:17 PM,Register 12,Hannah Bisk,SALE,*400000106526,*666884500717,Euc Lingerie Wash Jasmine 16.9oz - 16.9oz,Lingerie Wash,Lingerie Wash,Euclan,WLG,8.0,21.0,1.0,0.0,21.0,0.0,21.0,1.26,22.26,D5032A23-3E88-447A-BAC6-EA07A8869D85,75986080
09/10/2025 06:17 PM,Register 12,Hannah Bisk,SALE,*400000507767,*5063420012270,LBB CK Lovelace - 32G COR Bra,Set,Bra and Panty,Curvy Kate,CK089120-COR/CK089202-COR,25.77,65.0,1.0,0.0,65.0,0.0,65.0,3.9,68.9,D5032A23-3E88-447A-BAC6-EA07A8869D85,75986080
09/10/2025 04:14 PM,Register 12,Ashleigh White,SALE,*400000106533,*666884500472,Euc Lingerie Wash Grapefruit 16.9oz - 16.9,Lingerie Wash,Lingerie Wash,Euclan,GLG,8.0,21.0,1.0,0.0,21.0,0.0,21.0,1.26,22.26,3CDDCB11-D500-4DFB-B398-AAA70A11087B,75985370
09/10/2025 01:23 PM,Register 12,Hannah Bisk,SALE,*400000464725,*3102062099408,LBB AUB Sumptuous Wave - S BLUE Tanga,Lingerie,Set,Aubade,3C26/3C36/3C52/3C86/3CM12,50.62,153.0,1.0,0.0,153.0,0.0,153.0,9.18,162.18,39760C49-C990-4DD7-B6EC-DADF9D493E4E,75984314
09/10/2025 01:23 PM,Register 12,Hannah Bisk,SALE,*400000464282,*3102062125572,LBB AUB Sumptuous Wave - 34C BLUE BRA,Lingerie,Set,Aubade,3C26/3C36/3C52/3C86/3CM12,91.99,277.0,1.0,0.0,277.0,0.0,277.0,16.62,293.62,39760C49-C990-4DD7-B6EC-DADF9D493E4E,75984314
09/10/2025 01:23 PM,Register 12,Hannah Bisk,SALE,*400000517353,*634413547083,LBB BDL Amela - Medium DP Bra,Set,Set,Bordelle,ROABP18CLU,175.0,525.0,1.0,0.0,525.0,0.0,525.0,31.5,556.5,39760C49-C990-4DD7-B6EC-DADF9D493E4E,75984314
09/10/2025 01:23 PM,Register 12,Hannah Bisk,SALE,*400000517599,*634881552343,LBB BDL Amela - Medium DP Brief,Set,Set,Bordelle,ROABP18CLU,151.16,453.0,1.0,0.0,453.0,0.0,453.0,27.18,480.18,39760C49-C990-4DD7-B6EC-DADF9D493E4E,75984314
09/10/2025 12:18 PM,Register 12,Hannah Bisk,SALE,*400000518572,*3340443454860,LBB CH Norah Spacer - 32C BLSH,Bra,Moulded ,Chantelle,C13FN3,40.32,115.0,1.0,0.0,115.0,0.0,115.0,6.9,121.9,272449CF-44C1-4283-AF18-23E993D767BF,75983892
09/09/2025 06:18 PM,Register 12,Stephanie  Jacek  -Owner,SALE,*400000136509,*805828397635,LBB BL Sheer Desire - XS,Teddy,Body suit,Blush,0228650,41.4,103.0,1.0,0.0,103.0,0.0,103.0,6.18,109.18,4A9C9761-178E-40EC-BEA0-5FB3D7EBF044,75982190
09/09/2025 05:52 PM,Register 12,Ashleigh White,SALE,*400000450865,*,LBB AUB Hypnolove - BRIES Ever Brief,Lingerie,Bra and Panty Set,Aubade,LDF14/10B/26/70/92,0.0,165.0,1.0,0.0,165.0,33.0,132.0,7.92,139.92,C4BB51E9-9F7E-4517-B745-6349B85AE6C3,75982190
09/09/2025 05:52 PM,Register 12,Ashleigh White,SALE,*400000234458,*841143157158,LBB OH Eyelash TEAL Robe - 3x/4x,Robe,Robe,OH  La La Cheri,94-11136X,10.0,82.0,1.0,0.0,82.0,0.0,82.0,4.92,86.92,C4BB51E9-9F7E-4517-B745-6349B85AE6C3,75982190
09/08/2025 06:38 PM,Register 12,Stephanie  Jacek  -Owner,SALE,*400000474106,*3102062346724,LBB AUB Vibes Love - 34F Bra,Set,Bra and Panty,Aubade,2B26/2BF14,68.22,206.0,1.0,0.0,206.0,0.0,206.0,12.36,218.36,82D56F8B-30B6-4DFC-9283-830623FDD426,75978681
09/08/2025 06:38 PM,Register 12,Stephanie  Jacek  -Owner,SALE,*400000473765,*3102062346038,LBB AUB Vibes Love - Large Cheeky,Set,Bra and Panty,Aubade,2B26/2BF14,47.98,145.0,1.0,0.0,145.0,0.0,145.0,8.7,153.7,82D56F8B-30B6-4DFC-9283-830623FDD426,75978681
09/08/2025 06:38 PM,Register 12,Stephanie  Jacek  -Owner,SALE,*400000375144,*610114041048,LBB Boomba  - LG Caramel Boost,general,Accessory,Boomba,,25.0,57.0,1.0,0.0,57.0,0.0,57.0,3.42,60.42,82D56F8B-30B6-4DFC-9283-830623FDD426,75978681
09/08/2025 05:07 PM,Register 12,Stephanie  Jacek  -Owner,SALE,*400000508351,*193773399775,LBB EL Teagan ASH - 38HH Bra,Bra,Plunge,Elomi,EL302602ASE,35.1,89.0,1.0,0.0,89.0,0.0,89.0,5.34,94.34,8828A780-A2F5-419B-B93F-678CB1C08F25,74854182
09/08/2025 05:07 PM,Register 12,Stephanie  Jacek  -Owner,SALE,*400000511375,*193773492711,LBB EL Nerina PL - 42G Sahara,general,general,Elomi,EL302734SAH,32.4,82.0,1.0,0.0,82.0,0.0,82.0,4.92,86.92,8828A780-A2F5-419B-B93F-678CB1C08F25,74854182
09/08/2025 05:07 PM,Register 12,Stephanie  Jacek  -Owner,SALE,*400000511337,*193773492599,LBB EL Nerina PL - 40F Sahara,general,general,Elomi,EL302734SAH,32.4,82.0,1.0,0.0,82.0,0.0,82.0,4.92,86.92,8828A780-A2F5-419B-B93F-678CB1C08F25,74854182
09/08/2025 05:07 PM,Register 12,Stephanie  Jacek  -Owner,SALE,*400000522715,*193773542836,LBB EL Kintai Fash - 42G BERRY Bra,Set,Bra and Panty,Elomi,EL301202/EL301251,30.6,78.0,1.0,0.0,78.0,0.0,78.0,4.68,82.68,8828A780-A2F5-419B-B93F-678CB1C08F25,74854182
09/08/2025 05:07 PM,Register 12,Stephanie  Jacek  -Owner,SALE,*400000522654,*193773542744,LBB EL Kintai Fash - 40G BERRY Bra,Set,Bra and Panty,Elomi,EL301202/EL301251,30.6,78.0,1.0,0.0,78.0,0.0,78.0,4.68,82.68,8828A780-A2F5-419B-B93F-678CB1C08F25,74854182
09/08/2025 05:07 PM,Register 12,Stephanie  Jacek  -Owner,SALE,*400000522654,*193773542744,LBB EL Kintai Fash - 40G BERRY Bra,Set,Bra and Panty,Elomi,EL301202/EL301251,30.6,78.0,1.0,0.0,78.0,0.0,78.0,4.68,82.68,8828A780-A2F5-419B-B93F-678CB1C08F25,74854182
09/08/2025 05:07 PM,Register 12,Stephanie  Jacek  -Owner,SALE,*400000526256,*193773546506,LBB EL Nerina Fash - 42G ROUGE Bra,Bra and Panty Set,SET,Elomi,EL302734/EL302753,32.4,82.0,1.0,0.0,82.0,0.0,82.0,4.92,86.92,8828A780-A2F5-419B-B93F-678CB1C08F25,74854182
09/07/2025 02:08 PM,Register 12,Ashleigh White,SALE,*400000106533,*666884500472,Euc Lingerie Wash Grapefruit 16.9oz - 16.9,Lingerie Wash,Lingerie Wash,Euclan,GLG,8.0,21.0,1.0,0.0,21.0,0.0,21.0,1.26,22.26,3DF4333E-B626-4950-BA0E-398FFCED15E1,75974195
09/07/2025 02:08 PM,Register 12,Ashleigh White,SALE,*400000383644,*3102062019352,LBB AUB Wild Vibration - 32C Pink,Lingerie,Bra and Panty Set,Aubade,LLF14/LL26/LL86,61.18,184.0,1.0,0.0,184.0,0.0,184.0,11.04,195.04,3DF4333E-B626-4950-BA0E-398FFCED15E1,75974195
09/07/2025 02:08 PM,Register 12,Ashleigh White,SALE,*400000520179,*2100103628618,LBB BR Jenever - M BLK,Bralette,Bralette,Bretelle,BM 68,21.0,70.0,1.0,0.0,70.0,0.0,70.0,4.2,74.2,3DF4333E-B626-4950-BA0E-398FFCED15E1,75974195
09/07/2025 02:08 PM,Register 12,Ashleigh White,SALE,*400000193373,*3546608153542,LBB SP Andora Bra - 30D BLUSH,Bra,moulded,Simone Perele,"131343015,383,717,837,739",50.0,126.0,1.0,0.0,126.0,0.0,126.0,7.56,133.56,3DF4333E-B626-4950-BA0E-398FFCED15E1,75974195
